Date,DJIA,S&P500,NASDAQ,10Yr Yield,30Yr Yield
2016-01-04,17148.94,2012.66,4903.09,2.245,2.99
2016-01-05,17158.66,2016.71,4891.43,2.248,3.011
2016-01-06,16906.51,1990.26,4835.76,2.177,2.94
2016-01-07,16514.1,1943.09,4689.43,2.153,2.926
2016-01-08,16346.45,1922.03,4643.63,2.13,2.92
2016-01-11,16398.57,1923.67,4637.99,2.158,2.956
2016-01-12,16516.22,1938.68,4685.92,2.102,2.882
2016-01-13,16151.41,1890.28,4526.06,2.066,2.848
2016-01-14,16379.05,1921.84,4615.0,2.098,2.892
2016-01-15,15988.08,1880.33,4488.42,2.033,2.813
2016-01-19,16016.02,1881.33,4476.95,2.035,2.804
2016-01-20,15766.74,1859.33,4471.69,1.984,2.757
2016-01-21,15882.68,1868.99,4472.06,2.019,2.797
2016-01-22,16093.51,1906.9,4591.18,2.048,2.82
2016-01-25,15885.22,1877.08,4518.49,2.022,2.802
2016-01-26,16167.23,1903.63,4567.67,1.994,2.781
2016-01-27,15944.46,1882.95,4468.17,2.001,2.79
2016-01-28,16069.64,1893.36,4506.68,1.985,2.791
2016-01-29,16466.3,1940.24,4613.95,1.931,2.758
2016-02-01,16449.18,1939.38,4620.37,1.966,2.781
2016-02-02,16153.54,1903.03,4516.95,1.864,2.679
2016-02-03,16336.66,1912.53,4504.24,1.881,2.705
2016-02-04,16416.58,1915.45,4509.56,1.864,2.7
2016-02-05,16204.97,1880.05,4363.14,1.848,2.682
2016-02-08,16027.05,1853.44,4283.75,1.735,2.56
2016-02-09,16014.38,1852.21,4268.76,1.729,2.555
2016-02-10,15914.74,1851.86,4283.59,1.705,2.529
2016-02-11,15660.18,1829.08,4266.84,1.644,2.504
2016-02-12,15973.84,1864.78,4337.51,1.748,2.605
2016-02-16,16196.41,1895.58,4435.96,1.778,2.642
2016-02-17,16453.83,1926.82,4534.06,1.819,2.686
2016-02-18,16413.43,1917.83,4487.54,1.759,2.632
2016-02-19,16391.99,1917.78,4504.43,1.748,2.605
2016-02-22,16620.66,1945.5,4570.61,1.766,2.619
2016-02-23,16431.78,1921.27,4503.58,1.745,2.597
2016-02-24,16484.99,1929.8,4542.61,1.742,2.597
2016-02-25,16697.29,1951.7,4582.2,1.697,2.574
2016-02-26,16639.97,1948.05,4590.47,1.762,2.636
2016-02-29,16516.5,1932.23,4557.95,1.74,2.615
2016-03-01,16865.08,1978.35,4689.6,1.834,2.703
2016-03-02,16899.32,1986.45,4703.42,1.848,2.692
2016-03-03,16943.9,1993.4,4707.42,1.83,2.66
2016-03-04,17006.77,1999.99,4717.02,1.883,2.703
2016-03-07,17073.95,2001.76,4708.25,1.902,2.702
2016-03-08,16964.1,1979.26,4648.82,1.832,2.636
2016-03-09,17000.36,1989.26,4674.38,1.892,2.683
2016-03-10,16995.13,1989.57,4662.16,1.929,2.699
2016-03-11,17213.31,2022.19,4748.47,1.977,2.748
2016-03-14,17229.13,2019.64,4750.28,1.963,2.731
2016-03-15,17251.53,2015.93,4728.67,1.959,2.722
2016-03-16,17325.76,2027.22,4763.97,1.938,2.736
2016-03-17,17481.49,2040.59,4774.99,1.903,2.694
2016-03-18,17602.3,2049.58,4795.65,1.871,2.673
2016-03-21,17623.87,2051.6,4808.87,1.923,2.73
2016-03-22,17582.57,2049.8,4821.66,1.935,2.719
2016-03-23,17502.59,2036.71,4768.86,1.875,2.649
2016-03-24,17515.73,2035.94,4773.5,1.9,2.672
2016-03-28,17535.39,2037.05,4766.79,1.87,2.644
2016-03-29,17633.11,2055.01,4846.62,1.814,2.611
2016-03-30,17716.66,2063.95,4869.29,1.83,2.657
2016-03-31,17685.09,2059.74,4869.85,1.786,2.62
2016-04-01,17792.75,2072.78,4914.54,1.792,2.62
2016-04-04,17737.0,2066.13,4891.8,1.779,2.611
2016-04-05,17603.32,2045.17,4843.93,1.727,2.549
2016-04-06,17716.05,2066.66,4920.72,1.755,2.583
2016-04-07,17541.96,2041.91,4848.37,1.691,2.516
2016-04-08,17576.96,2047.6,4850.69,1.72,2.556
2016-04-11,17556.41,2041.99,4833.4,1.724,2.562
2016-04-12,17721.25,2061.72,4872.09,1.781,2.607
2016-04-13,17908.28,2082.42,4947.42,1.762,2.577
2016-04-14,17926.43,2082.78,4945.89,1.781,2.596
2016-04-15,17897.46,2080.73,4938.22,1.752,2.562
2016-04-18,18004.16,2094.34,4960.02,1.773,2.586
2016-04-19,18053.6,2100.8,4940.33,1.783,2.595
2016-04-20,18096.27,2102.4,4948.13,1.854,2.66
2016-04-21,17982.52,2091.48,4945.89,1.87,2.691
2016-04-22,18003.75,2091.58,4906.23,1.888,2.704
2016-04-25,17977.24,2087.79,4895.79,1.902,2.724
2016-04-26,17990.32,2091.7,4888.28,1.931,2.756
2016-04-27,18041.55,2095.15,4863.14,1.86,2.698
2016-04-28,17830.76,2075.81,4805.29,1.838,2.694
2016-04-29,17773.64,2065.3,4775.36,1.819,2.666
2016-05-02,17891.16,2081.43,4817.59,1.865,2.718
2016-05-03,17750.91,2063.37,4763.22,1.8,2.66
2016-05-04,17651.26,2051.12,4725.64,1.784,2.641
2016-05-05,17660.71,2050.63,4717.09,1.747,2.606
2016-05-06,17740.63,2057.14,4736.16,1.779,2.628
2016-05-09,17705.91,2058.69,4750.21,1.76,2.621
2016-05-10,17928.35,2084.39,4809.88,1.76,2.615
2016-05-11,17711.12,2064.46,4760.69,1.737,2.582
2016-05-12,17720.5,2064.11,4737.33,1.757,2.612
2016-05-13,17535.32,2046.61,4717.68,1.705,2.553
2016-05-16,17710.71,2066.66,4775.46,1.753,2.597
2016-05-17,17529.98,2047.21,4715.73,1.759,2.587
2016-05-18,17526.62,2047.63,4739.12,1.88,2.684
2016-05-19,17435.4,2040.04,4712.53,1.845,2.635
2016-05-20,17500.94,2052.32,4769.56,1.849,2.639
2016-05-23,17492.93,2048.04,4765.78,1.838,2.631
2016-05-24,17706.05,2076.06,4861.06,1.859,2.643
2016-05-25,17851.51,2090.54,4894.89,1.87,2.67
2016-05-26,17828.29,2090.1,4901.77,1.823,2.629
2016-05-27,17873.22,2099.06,4933.5,1.851,2.65
2016-05-31,17787.2,2096.95,4948.05,1.834,2.629
2016-06-01,17789.67,2099.33,4952.25,1.846,2.627
2016-06-02,17838.56,2105.26,4971.36,1.811,2.585
2016-06-03,17807.06,2099.13,4942.52,1.704,2.517
2016-06-06,17920.33,2109.41,4968.71,1.723,2.545
2016-06-07,17938.28,2112.13,4961.75,1.713,2.534
2016-06-08,18005.05,2119.12,4974.64,1.706,2.513
2016-06-09,17985.19,2115.48,4958.62,1.68,2.481
2016-06-10,17865.34,2096.07,4894.55,1.639,2.447
2016-06-13,17732.48,2079.06,4848.44,1.616,2.434
2016-06-14,17674.82,2075.32,4843.55,1.611,2.425
2016-06-15,17640.17,2071.5,4834.93,1.596,2.423
2016-06-16,17733.1,2077.99,4844.92,1.564,2.383
2016-06-17,17675.16,2071.22,4800.34,1.618,2.432
2016-06-20,17804.87,2083.25,4837.21,1.67,2.473
2016-06-21,17829.73,2088.9,4843.76,1.697,2.497
2016-06-22,17780.83,2085.45,4833.32,1.685,2.495
2016-06-23,18011.07,2113.32,4910.04,1.739,2.556
2016-06-24,17400.75,2037.41,4707.98,1.579,2.43
2016-06-27,17140.24,2000.54,4594.44,1.46,2.279
2016-06-28,17409.72,2036.09,4691.87,1.461,2.275
2016-06-29,17694.68,2070.77,4779.25,1.477,2.28
2016-06-30,17929.99,2098.86,4842.67,1.488,2.307
2016-07-01,17949.37,2102.95,4862.57,1.456,2.241
2016-07-05,17840.62,2088.55,4822.9,1.367,2.138
2016-07-06,17918.62,2099.73,4859.16,1.385,2.152
2016-07-07,17895.88,2097.9,4876.81,1.387,2.14
2016-07-08,18146.74,2129.9,4956.76,1.366,2.11
2016-07-11,18226.93,2137.16,4988.64,1.434,2.15
2016-07-12,18347.67,2152.14,5022.82,1.513,2.231
2016-07-13,18372.12,2152.43,5005.73,1.468,2.177
2016-07-14,18506.41,2163.75,5034.06,1.531,2.247
2016-07-15,18516.55,2161.74,5029.59,1.594,2.302
2016-07-18,18533.05,2166.89,5055.78,1.587,2.302
2016-07-19,18559.01,2163.78,5036.37,1.558,2.274
2016-07-20,18595.03,2173.02,5089.93,1.58,2.297
2016-07-21,18517.23,2165.17,5073.9,1.565,2.301
2016-07-22,18570.85,2175.03,5100.16,1.57,2.291
2016-07-25,18493.06,2168.48,5097.63,1.571,2.287
2016-07-26,18473.75,2169.18,5110.05,1.563,2.28
2016-07-27,18472.17,2166.58,5139.81,1.515,2.228
2016-07-28,18456.35,2170.06,5154.98,1.511,2.229
2016-07-29,18432.24,2173.6,5162.13,1.458,2.182
2016-08-01,18404.51,2170.84,5184.2,1.496,2.234
2016-08-02,18313.77,2157.03,5137.73,1.537,2.287
2016-08-03,18355.0,2163.79,5159.74,1.542,2.293
2016-08-04,18352.05,2164.25,5166.25,1.503,2.255
2016-08-05,18543.53,2182.87,5221.12,1.582,2.31
2016-08-08,18529.29,2180.89,5213.14,1.583,2.299
2016-08-09,18533.05,2181.74,5225.48,1.545,2.257
2016-08-10,18495.66,2175.49,5204.58,1.509,2.227
2016-08-11,18613.52,2185.79,5228.4,1.573,2.285
2016-08-12,18576.47,2184.05,5232.89,1.515,2.235
2016-08-15,18636.05,2190.15,5262.02,1.553,2.276
2016-08-16,18552.02,2178.15,5227.11,1.576,2.298
2016-08-17,18573.94,2182.22,5228.66,1.561,2.273
2016-08-18,18597.7,2187.02,5240.15,1.536,2.259
2016-08-19,18552.57,2183.87,5238.38,1.578,2.285
2016-08-22,18529.42,2182.64,5244.6,1.539,2.236
2016-08-23,18547.3,2186.9,5260.08,1.553,2.236
2016-08-24,18481.48,2175.44,5217.69,1.559,2.243
2016-08-25,18448.41,2172.47,5212.2,1.577,2.264
2016-08-26,18395.4,2169.04,5218.92,1.635,2.296
2016-08-29,18502.99,2180.38,5232.33,1.566,2.216
2016-08-30,18454.3,2176.12,5222.99,1.57,2.234
2016-08-31,18400.88,2170.95,5213.22,1.568,2.231
2016-09-01,18419.3,2170.86,5227.21,1.57,2.23
2016-09-02,18491.96,2179.98,5249.9,1.596,2.271
2016-09-06,18538.12,2186.48,5275.91,1.543,2.24
2016-09-07,18526.14,2186.16,5283.93,1.541,2.237
2016-09-08,18479.91,2181.3,5259.48,1.616,2.323
2016-09-09,18085.45,2127.81,5125.91,1.672,2.39
2016-09-12,18325.07,2159.04,5211.89,1.672,2.395
2016-09-13,18066.75,2127.02,5155.25,1.734,2.471
2016-09-14,18034.77,2125.77,5173.77,1.689,2.444
2016-09-15,18212.48,2147.26,5249.69,1.703,2.473
2016-09-16,18123.8,2139.16,5244.57,1.701,2.451
2016-09-19,18120.17,2139.12,5235.03,1.696,2.444
2016-09-20,18129.96,2139.76,5241.35,1.688,2.429
2016-09-21,18293.7,2163.12,5295.18,1.668,2.398
2016-09-22,18392.46,2177.18,5339.52,1.632,2.354
2016-09-23,18261.45,2164.69,5305.75,1.615,2.34
2016-09-26,18094.83,2146.1,5257.49,1.589,2.326
2016-09-27,18228.3,2159.93,5305.71,1.556,2.279
2016-09-28,18339.24,2171.37,5318.55,1.567,2.288
2016-09-29,18143.45,2151.13,5269.15,1.557,2.275
2016-09-30,18308.15,2168.27,5312.0,1.608,2.336
2016-10-03,18253.85,2161.2,5300.87,1.622,2.335
2016-10-04,18168.45,2150.49,5289.66,1.683,2.406
2016-10-05,18281.03,2159.73,5316.02,1.716,2.436
2016-10-06,18268.5,2160.77,5306.85,1.742,2.46
2016-10-07,18240.49,2153.74,5292.4,1.736,2.468
2016-10-10,18329.04,2163.66,5328.67,,
2016-10-11,18128.66,2136.73,5246.79,1.759,2.493
2016-10-12,18144.2,2139.18,5239.02,1.778,2.508
2016-10-13,18098.94,2132.55,5213.33,1.738,2.474
2016-10-14,18138.38,2132.98,5214.16,1.794,2.555
2016-10-17,18086.4,2126.5,5199.82,1.766,2.523
2016-10-18,18161.94,2139.6,5243.84,1.749,2.512
2016-10-19,18202.62,2144.29,5246.41,1.752,2.516
2016-10-20,18162.35,2141.34,5241.83,1.747,2.499
2016-10-21,18145.71,2141.16,5257.4,1.74,2.492
2016-10-24,18223.03,2151.33,5309.83,1.763,2.516
2016-10-25,18169.27,2143.16,5283.4,1.758,2.501
2016-10-26,18199.33,2139.43,5250.27,1.79,2.536
2016-10-27,18169.68,2133.04,5215.97,1.843,2.601
2016-10-28,18161.19,2126.41,5190.1,1.845,2.616
2016-10-31,18142.42,2126.15,5189.14,1.834,2.589
2016-11-01,18037.1,2111.72,5153.58,1.82,2.571
2016-11-02,17959.64,2097.94,5105.57,1.799,2.563
2016-11-03,17930.67,2088.66,5058.41,1.812,2.6
2016-11-04,17888.28,2085.18,5046.37,1.783,2.571
2016-11-07,18259.6,2131.52,5166.17,1.828,2.602
2016-11-08,18332.74,2139.56,5193.49,1.862,2.626
2016-11-09,18589.69,2163.26,5251.07,2.072,2.882
2016-11-10,18807.88,2167.48,5208.8,2.117,2.928
2016-11-11,18847.66,2164.45,5237.11,,
2016-11-14,18868.69,2164.2,5218.4,2.222,2.982
2016-11-15,18923.06,2180.39,5275.62,2.238,2.973
2016-11-16,18868.14,2176.94,5294.58,2.223,2.926
2016-11-17,18903.82,2187.12,5333.97,2.276,2.986
2016-11-18,18867.93,2181.9,5321.51,2.335,3.016
2016-11-21,18956.69,2198.18,5368.86,2.339,3.013
2016-11-22,19023.87,2202.94,5386.35,2.321,3.009
2016-11-23,19083.18,2204.72,5380.68,2.357,3.023
2016-11-25,19152.14,2213.35,5398.92,2.372,3.022
2016-11-28,19097.9,2201.72,5368.81,2.32,2.983
2016-11-29,19121.6,2204.66,5379.92,2.302,2.95
2016-11-30,19123.58,2198.81,5323.68,2.368,3.017
2016-12-01,19191.93,2191.08,5251.11,2.441,3.095
2016-12-02,19170.42,2191.95,5255.65,2.39,3.061
2016-12-05,19216.24,2204.71,5308.89,2.387,3.056
2016-12-06,19251.78,2212.23,5333.0,2.396,3.082
2016-12-07,19549.62,2241.35,5393.76,2.347,3.029
2016-12-08,19614.81,2246.19,5417.36,2.387,3.085
2016-12-09,19756.85,2259.53,5444.5,2.464,3.154
2016-12-12,19796.43,2256.96,5412.54,2.479,3.162
2016-12-13,19911.21,2271.72,5463.83,2.481,3.147
2016-12-14,19792.53,2253.28,5436.67,2.525,3.149
2016-12-15,19852.24,2262.03,5456.85,2.58,3.145
2016-12-16,19843.41,2258.07,5437.16,2.597,3.184
2016-12-19,19883.06,2262.53,5457.44,2.542,3.121
2016-12-20,19974.62,2270.76,5483.94,2.568,3.151
2016-12-21,19941.96,2265.18,5471.43,2.546,3.125
2016-12-22,19918.88,2260.96,5447.42,2.553,3.13
2016-12-23,19933.81,2263.79,5462.69,2.543,3.116
2016-12-27,19945.04,2268.88,5487.44,2.563,3.139
2016-12-28,19833.68,2249.92,5438.56,2.506,3.084
2016-12-29,19819.78,2249.26,5432.09,2.477,3.084
2016-12-30,19762.6,2238.83,5383.12,2.446,3.063
2017-01-03,19881.76,2257.83,5429.08,2.45,3.047
2017-01-04,19942.16,2270.75,5477.0,2.452,3.045
2017-01-05,19899.29,2269.0,5487.94,2.368,2.962
2017-01-06,19963.8,2276.98,5521.06,2.418,3.004
2017-01-09,19887.38,2268.9,5531.82,2.376,2.968
2017-01-10,19855.53,2268.9,5551.82,2.379,2.97
2017-01-11,19954.28,2275.32,5563.65,2.37,2.957
2017-01-12,19891.0,2270.44,5547.49,2.361,2.96
2017-01-13,19885.73,2274.64,5574.12,2.38,2.977
2017-01-17,19826.77,2267.89,5538.73,2.327,2.927
2017-01-18,19804.72,2271.89,5555.65,2.389,2.985
2017-01-19,19732.4,2263.69,5540.08,2.459,3.032
2017-01-20,19827.25,2271.31,5555.33,2.467,3.046
2017-01-23,19799.85,2265.2,5552.94,2.403,2.991
2017-01-24,19912.71,2280.07,5600.96,2.471,3.056
2017-01-25,20068.51,2298.37,5656.34,2.523,3.108
2017-01-26,20100.91,2296.68,5655.18,2.508,3.091
2017-01-27,20093.78,2294.69,5660.78,2.481,3.059
2017-01-30,19971.13,2280.9,5613.71,2.483,3.077
2017-01-31,19864.09,2278.87,5614.79,2.451,3.051
2017-02-01,19890.94,2279.55,5642.65,2.474,3.081
2017-02-02,19884.91,2280.85,5636.2,2.47,3.083
2017-02-03,20071.46,2297.42,5666.77,2.491,3.114
2017-02-06,20052.42,2292.56,5663.55,2.413,3.048
2017-02-07,20090.29,2293.08,5674.22,2.389,3.019
2017-02-08,20054.34,2294.67,5682.45,2.351,2.961
2017-02-09,20172.4,2307.87,5715.18,2.395,3.011
2017-02-10,20269.37,2316.1,5734.13,2.409,3.012
2017-02-13,20412.16,2328.25,5763.96,2.434,3.034
2017-02-14,20504.41,2337.58,5782.57,2.47,3.062
2017-02-15,20611.86,2349.25,5819.44,2.502,3.091
2017-02-16,20619.77,2347.22,5814.9,2.45,3.051
2017-02-17,20624.05,2351.16,5838.58,2.425,3.031
2017-02-21,20743.0,2365.38,5865.95,2.427,3.037
2017-02-22,20775.6,2362.82,5860.63,2.418,3.037
2017-02-23,20810.32,2363.81,5835.51,2.388,3.023
2017-02-24,20821.76,2367.34,5845.31,2.317,2.955
2017-02-27,20837.44,2369.75,5861.9,2.369,2.986
2017-02-28,20812.24,2363.64,5825.44,2.358,2.968
2017-03-01,21115.55,2395.96,5904.03,2.463,3.071
2017-03-02,21002.97,2381.92,5861.22,2.489,3.082
2017-03-03,21005.71,2383.12,5870.75,2.492,3.084
2017-03-06,20954.34,2375.31,5849.18,2.494,3.098
2017-03-07,20924.76,2368.39,5833.93,2.511,3.11
2017-03-08,20855.73,2362.98,5837.55,2.552,3.146
2017-03-09,20858.19,2364.87,5838.81,2.598,3.183
2017-03-10,20902.98,2372.6,5861.73,2.582,3.169
2017-03-13,20881.48,2373.47,5875.78,2.608,3.192
2017-03-14,20837.37,2365.45,5856.82,2.595,3.172
2017-03-15,20950.1,2385.26,5900.05,2.508,3.106
2017-03-16,20934.55,2381.38,5900.76,2.522,3.135
2017-03-17,20914.62,2378.25,5901.0,2.501,3.113
2017-03-20,20905.86,2373.47,5901.53,2.473,3.09
2017-03-21,20668.01,2344.02,5793.83,2.436,3.05
2017-03-22,20661.3,2348.45,5821.64,2.396,3.011
2017-03-23,20656.58,2345.96,5817.69,2.418,3.026
2017-03-24,20596.72,2343.98,5828.74,2.4,3.002
2017-03-27,20550.98,2341.59,5840.37,2.373,2.979
2017-03-28,20701.5,2358.57,5875.14,2.409,3.013
2017-03-29,20659.32,2361.13,5897.55,2.386,2.992
2017-03-30,20728.49,2368.06,5914.34,2.416,3.025
2017-03-31,20663.22,2362.72,5911.74,2.396,3.018
2017-04-03,20650.21,2358.84,5894.68,2.35,2.985
2017-04-04,20689.24,2360.16,5898.61,2.35,2.993
2017-04-05,20648.15,2352.95,5864.48,2.357,3.006
2017-04-06,20662.95,2357.49,5878.95,2.343,2.987
2017-04-07,20656.1,2355.54,5877.81,2.373,2.998
2017-04-10,20658.02,2357.16,5880.93,2.361,2.987
2017-04-11,20651.3,2353.78,5866.77,2.298,2.929
2017-04-12,20591.86,2344.93,5836.16,2.296,2.93
2017-04-13,20453.25,2328.95,5805.15,2.232,2.888
2017-04-17,20636.92,2349.01,5856.79,2.252,2.913
2017-04-18,20523.28,2342.19,5849.47,2.179,2.842
2017-04-19,20404.49,2338.17,5863.03,2.202,2.861
2017-04-20,20578.71,2355.84,5916.78,2.241,2.891
2017-04-21,20547.76,2348.69,5910.52,2.237,2.895
2017-04-24,20763.89,2374.15,5983.82,2.273,2.927
2017-04-25,20996.12,2388.61,6025.49,2.327,2.979
2017-04-26,20975.09,2387.45,6025.23,2.311,2.971
2017-04-27,20981.33,2388.77,6048.94,2.296,2.965
2017-04-28,20940.51,2384.2,6047.61,2.282,2.952
2017-05-01,20913.46,2388.33,6091.6,2.325,3.011
2017-05-02,20949.89,2391.17,6095.37,2.296,2.982
2017-05-03,20957.9,2388.13,6072.55,2.309,2.955
2017-05-04,20951.47,2389.52,6075.34,2.356,2.999
2017-05-05,21006.94,2399.29,6100.76,2.352,2.989
2017-05-08,21012.28,2399.38,6102.66,2.376,3.014
2017-05-09,20975.78,2396.92,6120.59,2.407,3.038
2017-05-10,20943.11,2399.63,6129.14,2.414,3.041
2017-05-11,20919.42,2394.44,6115.96,2.4,3.038
2017-05-12,20896.61,2390.9,6121.23,2.335,2.994
2017-05-15,20981.94,2402.32,6149.67,2.338,3.006
2017-05-16,20979.75,2400.67,6169.87,2.329,2.992
2017-05-17,20606.93,2357.03,6011.24,2.216,2.897
2017-05-18,20663.02,2365.72,6055.13,2.233,2.905
2017-05-19,20804.84,2381.73,6083.7,2.245,2.905
2017-05-22,20894.83,2394.02,6133.62,2.254,2.915
2017-05-23,20937.91,2398.42,6138.71,2.285,2.945
2017-05-24,21012.42,2404.39,6163.02,2.266,2.935
2017-05-25,21082.95,2415.07,6205.26,2.255,2.922
2017-05-26,21080.28,2415.82,6210.19,2.25,2.916
2017-05-30,21029.47,2412.91,6203.19,2.217,2.886
2017-05-31,21008.65,2411.8,6198.52,2.196,2.857
2017-06-01,21144.18,2430.06,6246.83,2.217,2.87
2017-06-02,21206.29,2439.07,6305.8,2.159,2.813
2017-06-05,21184.04,2436.1,6295.68,2.182,2.841
2017-06-06,21136.23,2429.33,6275.06,2.147,2.81
2017-06-07,21173.69,2433.14,6297.38,2.178,2.837
2017-06-08,21182.53,2433.79,6321.76,2.194,2.855
2017-06-09,21271.97,2431.77,6207.92,2.199,2.854
2017-06-12,21235.67,2429.39,6175.46,2.213,2.868
2017-06-13,21328.47,2440.35,6220.37,2.207,2.863
2017-06-14,21374.56,2437.92,6194.89,2.138,2.783
2017-06-15,21359.9,2432.46,6165.5,2.162,2.785
2017-06-16,21384.28,2433.15,6151.76,2.157,2.782
2017-06-19,21528.99,2453.46,6239.01,2.19,2.788
2017-06-20,21467.14,2437.03,6188.03,2.153,2.735
2017-06-21,21410.03,2435.61,6233.95,2.155,2.724
2017-06-22,21397.29,2434.5,6236.69,2.153,2.724
2017-06-23,21394.76,2438.3,6265.25,2.144,2.714
2017-06-26,21409.55,2439.07,6247.15,2.137,2.696
2017-06-27,21310.66,2419.38,6146.62,2.198,2.744
2017-06-28,21454.61,2440.69,6234.41,2.221,2.774
2017-06-29,21287.03,2419.7,6144.35,2.267,2.814
2017-06-30,21349.63,2423.41,6140.42,2.302,2.84
2017-07-03,21479.27,2429.01,6110.06,,
2017-07-05,21478.17,2432.54,6150.86,2.334,2.855
2017-07-06,21320.04,2409.75,6089.46,2.37,2.903
2017-07-07,21414.34,2425.18,6153.08,2.393,2.935
2017-07-10,21408.52,2427.43,6176.39,2.371,2.923
2017-07-11,21409.07,2425.53,6193.3,2.362,2.923
2017-07-12,21532.14,2443.25,6261.17,2.327,2.895
2017-07-13,21553.09,2447.83,6274.44,2.348,2.923
2017-07-14,21637.74,2459.27,6312.47,2.319,2.91
2017-07-17,21629.72,2459.14,6314.43,2.309,2.893
2017-07-18,21574.73,2460.61,6344.31,2.263,2.851
2017-07-19,21640.75,2473.83,6385.04,2.268,2.845
2017-07-20,21611.78,2473.45,6390.0,2.266,2.837
2017-07-21,21580.07,2472.54,6387.75,2.232,2.802
2017-07-24,21513.17,2469.91,6410.81,2.254,2.833
2017-07-25,21613.43,2477.13,6412.17,2.326,2.91
2017-07-26,21711.01,2477.83,6422.75,2.282,2.891
2017-07-27,21796.55,2475.42,6382.19,2.31,2.928
2017-07-28,21830.31,2472.1,6374.68,2.289,2.892
2017-07-31,21891.12,2470.3,6348.12,2.292,2.898
2017-08-01,21963.92,2476.35,6362.94,2.251,2.851
2017-08-02,22016.24,2477.57,6362.65,2.262,2.845
2017-08-03,22026.1,2472.16,6340.34,2.228,2.806
2017-08-04,22092.81,2476.83,6351.56,2.267,2.844
2017-08-07,22118.42,2480.91,6383.77,2.257,2.837
2017-08-08,22085.34,2474.92,6370.46,2.283,2.867
2017-08-09,22048.7,2474.02,6352.33,2.241,2.817
2017-08-10,21844.01,2438.21,6216.87,2.212,2.787
2017-08-11,21858.32,2441.32,6256.56,2.189,2.787
2017-08-14,21993.71,2465.84,6340.23,2.219,2.805
2017-08-15,21998.99,2464.61,6333.01,2.266,2.841
2017-08-16,22024.87,2468.11,6345.11,2.226,2.808
2017-08-17,21750.73,2430.01,6221.91,2.199,2.782
2017-08-18,21674.51,2425.55,6216.53,2.194,2.777
2017-08-21,21703.75,2428.37,6213.13,2.18,2.763
2017-08-22,21899.89,2452.51,6297.48,2.215,2.789
2017-08-23,21812.09,2444.04,6278.41,2.171,2.749
2017-08-24,21783.4,2438.97,6271.33,2.194,2.769
2017-08-25,21813.67,2443.05,6265.64,2.169,2.751
2017-08-28,21808.4,2444.24,6283.02,2.159,2.752
2017-08-29,21865.37,2446.3,6301.89,2.136,2.748
2017-08-30,21892.43,2457.59,6368.31,2.143,2.748
2017-08-31,21948.1,2471.65,6428.66,2.121,2.725
2017-09-01,21987.56,2476.55,6435.33,2.157,2.768
2017-09-05,21753.31,2457.85,6375.57,2.07,2.688
2017-09-06,21807.64,2465.54,6393.31,2.108,2.724
2017-09-07,21784.78,2465.1,6397.87,2.061,2.677
2017-09-08,21797.79,2461.43,6360.19,2.061,2.679
2017-09-11,22057.37,2488.11,6432.26,2.125,2.738
2017-09-12,22118.86,2496.48,6454.28,2.171,2.775
2017-09-13,22158.18,2498.37,6460.19,2.195,2.795
2017-09-14,22203.48,2495.62,6429.08,2.197,2.781
2017-09-15,22268.34,2500.23,6448.47,2.202,2.772
2017-09-18,22331.35,2503.87,6454.64,2.229,2.803
2017-09-19,22370.8,2506.65,6461.32,2.243,2.813
2017-09-20,22412.59,2508.24,6456.04,2.277,2.821
2017-09-21,22359.23,2500.6,6422.69,2.278,2.808
2017-09-22,22349.59,2502.22,6426.92,2.262,2.796
2017-09-25,22296.09,2496.66,6370.59,2.22,2.76
2017-09-26,22284.32,2496.84,6380.16,2.229,2.77
2017-09-27,22340.71,2507.04,6453.26,2.309,2.863
2017-09-28,22381.2,2510.06,6453.45,2.309,2.869
2017-09-29,22405.09,2519.36,6495.96,2.326,2.857
2017-10-02,22557.6,2529.12,6516.72,2.337,2.865
2017-10-03,22641.67,2534.58,6531.71,2.334,2.874
2017-10-04,22661.64,2537.74,6534.63,2.33,2.877
2017-10-05,22775.39,2552.07,6585.36,2.35,2.893
2017-10-06,22773.67,2549.33,6590.18,2.37,2.906
2017-10-09,22761.07,2544.73,6579.73,2.361,2.894
2017-10-10,22830.68,2550.64,6587.25,2.345,2.881
2017-10-11,22872.89,2555.24,6603.55,2.345,2.875
2017-10-12,22841.01,2550.93,6591.51,2.323,2.853
2017-10-13,22871.72,2553.17,6605.8,2.28,2.812
2017-10-16,22956.96,2557.64,6624.0,2.307,2.822
2017-10-17,22997.44,2559.36,6623.66,2.298,2.803
2017-10-18,23157.6,2561.26,6624.22,2.339,2.85
2017-10-19,23163.04,2562.1,6605.07,2.321,2.829
2017-10-20,23328.63,2575.21,6629.05,2.381,2.894
2017-10-23,23273.96,2564.98,6586.83,2.376,2.89
2017-10-24,23441.76,2569.13,6598.43,2.406,2.922
2017-10-25,23329.46,2557.15,6563.89,2.444,2.955
2017-10-26,23400.86,2560.4,6556.77,2.452,2.96
2017-10-27,23434.19,2581.07,6701.26,2.428,2.936
2017-10-30,23348.74,2572.83,6698.96,2.37,2.88
2017-10-31,23377.24,2575.26,6727.67,2.376,2.875
2017-11-01,23435.01,2579.36,6716.53,2.376,2.862
2017-11-02,23516.26,2579.85,6714.94,2.347,2.829
2017-11-03,23539.19,2587.84,6764.44,2.343,2.822
2017-11-06,23548.42,2591.13,6786.44,2.32,2.797
2017-11-07,23557.23,2590.64,6767.78,2.307,2.769
2017-11-08,23563.36,2594.38,6789.12,2.325,2.784
2017-11-09,23461.94,2584.62,6750.05,2.331,2.806
2017-11-10,23422.21,2582.3,6750.94,2.4,2.88
2017-11-13,23439.7,2584.84,6757.6,2.4,2.869
2017-11-14,23409.47,2578.87,6737.87,2.381,2.839
2017-11-15,23271.28,2564.62,6706.21,2.335,2.781
2017-11-16,23458.36,2585.64,6793.29,2.361,2.806
2017-11-17,23358.24,2578.85,6782.79,2.354,2.793
2017-11-20,23430.33,2582.14,6790.71,2.372,2.793
2017-11-21,23590.83,2599.03,6862.48,2.363,2.763
2017-11-22,23526.18,2597.08,6867.36,2.322,2.746
2017-11-24,23557.99,2602.42,6889.16,,
2017-11-27,23580.78,2601.42,6878.52,2.328,2.765
2017-11-28,23836.71,2627.04,6912.36,2.338,2.766
2017-11-29,23940.68,2626.07,6824.39,2.376,2.817
2017-11-30,24272.35,2647.58,6873.97,2.417,2.832
2017-12-01,24231.59,2642.22,6847.59,2.362,2.758
2017-12-04,24290.05,2639.44,6775.37,2.379,2.769
2017-12-05,24180.64,2629.57,6762.21,2.356,2.732
2017-12-06,24140.91,2629.27,6776.38,2.33,2.719
2017-12-07,24211.48,2636.98,6812.84,2.376,2.775
2017-12-08,24329.16,2651.5,6840.08,2.383,2.775
2017-12-11,24386.03,2659.99,6875.08,2.385,2.771
2017-12-12,24504.8,2664.11,6862.32,2.403,2.781
2017-12-13,24585.43,2662.85,6875.8,2.349,2.734
2017-12-14,24508.66,2652.01,6856.53,2.346,2.71
2017-12-15,24651.74,2675.81,6936.58,2.355,2.689
2017-12-18,24792.2,2690.16,6994.76,2.392,2.744
2017-12-19,24754.75,2681.47,6963.85,2.463,2.821
2017-12-20,24726.65,2679.25,6960.96,2.497,2.876
2017-12-21,24782.29,2684.57,6965.36,2.481,2.832
2017-12-22,24754.06,2683.34,6959.96,2.485,2.833
2017-12-26,24746.21,2680.5,6936.25,2.467,2.813
2017-12-27,24774.3,2682.62,6939.34,2.414,2.748
2017-12-28,24837.51,2687.54,6950.16,2.432,2.756
2017-12-29,24719.22,2673.61,6903.39,2.405,2.739
2018-01-02,24824.01,2695.81,7006.9,2.465,2.811
2018-01-03,24922.68,2713.06,7065.53,2.447,2.785
2018-01-04,25075.13,2723.99,7077.91,2.453,2.786
2018-01-05,25295.87,2743.15,7136.56,2.476,2.811
2018-01-08,25283.0,2747.71,7157.39,2.48,2.814
2018-01-09,25385.8,2751.29,7163.58,2.546,2.887
2018-01-10,25369.13,2748.23,7153.57,2.55,2.891
2018-01-11,25574.73,2767.56,7211.78,2.531,2.865
2018-01-12,25803.19,2786.24,7261.06,2.552,2.853
2018-01-16,25792.86,2776.42,7223.69,2.544,2.836
2018-01-17,26115.65,2802.56,7298.28,2.578,2.848
2018-01-18,26017.81,2798.03,7296.05,2.611,2.888
2018-01-19,26071.72,2810.3,7336.38,2.637,2.912
2018-01-22,26214.6,2832.97,7408.03,2.665,2.928
2018-01-23,26210.81,2839.13,7460.29,2.624,2.902
2018-01-24,26252.12,2837.54,7415.06,2.654,2.938
2018-01-25,26392.79,2839.25,7411.16,2.621,2.881
2018-01-26,26616.71,2872.87,7505.77,2.662,2.912
2018-01-29,26439.48,2853.53,7466.51,2.699,2.943
2018-01-30,26076.89,2822.43,7402.48,2.726,2.98
2018-01-31,26149.39,2823.81,7411.48,2.72,2.942
2018-02-01,26186.71,2821.98,7385.86,2.773,3.005
2018-02-02,25520.96,2762.13,7240.95,2.854,3.097
2018-02-05,24345.75,2648.94,6967.53,2.794,3.067
2018-02-06,24912.77,2695.14,7115.88,2.768,3.044
2018-02-07,24893.35,2681.66,7051.98,2.844,3.117
2018-02-08,23860.46,2581.0,6777.16,2.851,3.137
2018-02-09,24190.9,2619.55,6874.49,2.829,3.136
2018-02-12,24601.27,2656.0,6981.96,2.857,3.137
2018-02-13,24640.45,2662.94,7013.51,2.84,3.128
2018-02-14,24893.49,2698.63,7143.62,2.913,3.177
2018-02-15,25200.37,2731.2,7256.43,2.891,3.142
2018-02-16,25219.38,2732.22,7239.47,2.877,3.136
2018-02-20,24964.75,2716.26,7234.31,2.893,3.155
2018-02-21,24797.78,2701.33,7218.23,2.943,3.22
2018-02-22,24962.48,2703.96,7210.09,2.917,3.206
2018-02-23,25309.99,2747.3,7337.39,2.871,3.16
2018-02-26,25709.27,2779.6,7421.46,2.859,3.155
2018-02-27,25410.03,2744.28,7330.35,2.908,3.174
2018-02-28,25029.2,2713.83,7273.01,2.868,3.127
2018-03-01,24608.98,2677.67,7180.56,2.804,3.088
2018-03-02,24538.06,2691.25,7257.87,2.857,3.131
2018-03-05,24874.76,2720.94,7330.71,2.881,3.151
2018-03-06,24884.12,2728.12,7372.01,2.877,3.136
2018-03-07,24801.36,2726.8,7396.65,2.883,3.152
2018-03-08,24895.21,2738.97,7427.95,2.866,3.133
2018-03-09,25335.74,2786.57,7560.81,2.894,3.159
2018-03-12,25178.61,2783.02,7588.32,2.87,3.129
2018-03-13,25007.03,2765.31,7511.01,2.848,3.101
2018-03-14,24758.12,2749.48,7496.81,2.817,3.058
2018-03-15,24873.66,2747.33,7481.74,2.826,3.061
2018-03-16,24946.51,2752.01,7481.99,2.848,3.08
2018-03-19,24610.91,2712.92,7344.24,2.845,3.079
2018-03-20,24727.27,2716.94,7364.3,2.879,3.11
2018-03-21,24682.31,2711.93,7345.29,2.907,3.129
2018-03-22,23957.89,2643.69,7166.68,2.832,3.069
2018-03-23,23533.2,2588.26,6992.67,2.83,3.076
2018-03-26,24202.6,2658.55,7220.54,2.843,3.071
2018-03-27,23857.71,2612.62,7008.81,2.786,3.029
2018-03-28,23848.42,2605.0,6949.23,2.775,3.014
2018-03-29,24103.11,2640.87,7063.45,2.741,2.972
2018-04-02,23644.19,2581.88,6870.12,2.732,2.97
2018-04-03,24033.36,2614.45,6941.28,2.784,3.018
2018-04-04,24264.3,2644.69,7042.11,2.788,3.028
2018-04-05,24505.22,2662.84,7076.55,2.832,3.073
2018-04-06,23932.76,2604.47,6915.11,2.775,3.018
2018-04-09,23979.1,2613.16,6950.34,2.786,3.018
2018-04-10,24408.0,2656.87,7094.3,2.797,3.017
2018-04-11,24189.45,2642.19,7069.03,2.79,3.006
2018-04-12,24483.05,2663.99,7140.25,2.834,3.04
2018-04-13,24360.14,2656.3,7106.65,2.829,3.036
2018-04-16,24573.04,2677.84,7156.28,2.832,3.03
2018-04-17,24786.63,2706.39,7281.1,2.814,2.999
2018-04-18,24748.07,2708.64,7295.24,2.867,3.046
2018-04-19,24664.89,2693.13,7238.06,2.914,3.105
2018-04-20,24462.94,2670.14,7146.13,2.951,3.142
2018-04-23,24448.69,2670.29,7128.6,2.973,3.144
2018-04-24,24024.13,2634.56,7007.35,2.983,3.168
2018-04-25,24083.83,2639.4,7003.74,3.024,3.209
2018-04-26,24322.34,2666.94,7118.68,2.99,3.175
2018-04-27,24311.19,2669.91,7119.8,2.957,3.125
2018-04-30,24163.15,2648.05,7066.27,2.936,3.097
2018-05-01,24099.05,2654.8,7130.7,2.976,3.137
2018-05-02,23924.98,2635.67,7100.9,2.964,3.135
2018-05-03,23930.15,2629.73,7088.15,2.946,3.121
2018-05-04,24262.51,2663.42,7209.62,2.944,3.115
2018-05-07,24357.32,2672.63,7265.21,2.95,3.12
2018-05-08,24360.21,2671.92,7266.9,2.969,3.125
2018-05-09,24542.54,2697.79,7339.91,3.004,3.155
2018-05-10,24739.53,2723.07,7404.97,2.971,3.121
2018-05-11,24831.17,2727.72,7402.88,2.971,3.111
2018-05-14,24899.41,2730.13,7411.32,2.995,3.129
2018-05-15,24706.41,2711.45,7351.63,3.08,3.209
2018-05-16,24768.93,2722.46,7398.3,3.095,3.216
2018-05-17,24713.98,2720.13,7382.47,3.109,3.246
2018-05-18,24715.09,2712.97,7354.34,3.067,3.21
2018-05-21,25013.29,2733.01,7394.04,3.065,3.207
2018-05-22,24834.41,2724.44,7378.46,3.065,3.209
2018-05-23,24886.81,2733.29,7425.96,3.003,3.169
2018-05-24,24811.76,2727.76,7424.43,2.981,3.131
2018-05-25,24753.09,2721.33,7433.85,2.931,3.09
2018-05-29,24361.45,2689.86,7396.59,2.768,2.968
2018-05-30,24667.78,2724.01,7462.45,2.842,3.014
2018-05-31,24415.84,2705.27,7442.12,2.822,2.986
2018-06-01,24635.21,2734.62,7554.33,2.895,3.046
2018-06-04,24813.69,2746.87,7606.46,2.937,3.084
2018-06-05,24799.98,2748.8,7637.86,2.919,3.075
2018-06-06,25146.39,2772.35,7689.24,2.975,3.13
2018-06-07,25241.41,2770.37,7635.07,2.933,3.08
2018-06-08,25316.53,2779.03,7645.51,2.937,3.082
2018-06-11,25322.31,2782.0,7659.93,2.957,3.098
2018-06-12,25320.73,2786.85,7703.79,2.957,3.092
2018-06-13,25201.2,2775.63,7695.7,2.977,3.101
2018-06-14,25175.31,2782.49,7761.04,2.946,3.067
2018-06-15,25090.48,2779.66,7746.38,2.924,3.047
2018-06-18,24987.47,2773.75,7747.03,2.926,3.055
2018-06-19,24700.21,2762.59,7725.59,2.893,3.028
2018-06-20,24657.8,2767.32,7781.51,2.928,3.063
2018-06-21,24461.7,2749.76,7712.95,2.897,3.043
2018-06-22,24580.89,2754.88,7692.82,2.9,3.045
2018-06-25,24252.8,2717.07,7532.01,2.875,3.024
2018-06-26,24283.11,2723.06,7561.63,2.88,3.028
2018-06-27,24117.59,2699.63,7445.08,2.827,2.971
2018-06-28,24216.05,2716.31,7503.68,2.847,2.978
2018-06-29,24271.41,2718.37,7510.3,2.849,2.983
2018-07-02,24307.18,2726.71,7567.69,2.866,2.99
2018-07-03,24174.82,2713.22,7502.67,,
2018-07-05,24356.74,2736.61,7586.43,2.84,2.953
2018-07-06,24456.48,2759.82,7688.39,2.831,2.941
2018-07-09,24776.59,2784.17,7756.2,2.86,2.966
2018-07-10,24919.66,2793.84,7759.2,2.873,2.971
2018-07-11,24700.45,2774.02,7716.61,2.842,2.945
2018-07-12,24924.89,2798.29,7823.92,2.853,2.95
2018-07-13,25019.41,2801.31,7825.98,2.831,2.933
2018-07-16,25064.36,2798.43,7805.72,2.858,2.967
2018-07-17,25119.89,2809.55,7855.12,2.864,2.971
2018-07-18,25199.29,2815.62,7854.44,2.875,2.989
2018-07-19,25064.5,2804.49,7825.3,2.847,2.967
2018-07-20,25058.12,2801.83,7820.2,2.895,3.031
2018-07-23,25044.29,2806.98,7841.87,2.965,3.104
2018-07-24,25241.94,2820.4,7840.77,2.949,3.076
2018-07-25,25414.1,2846.07,7932.24,2.936,3.064
2018-07-26,25527.07,2837.44,7852.18,2.975,3.1
2018-07-27,25451.06,2818.82,7737.42,2.96,3.088
2018-07-30,25306.83,2802.6,7630.0,2.975,3.106
2018-07-31,25415.19,2816.29,7671.79,2.964,3.083
2018-08-01,25333.82,2813.36,7707.29,3.003,3.127
2018-08-02,25326.16,2827.22,7802.69,2.986,3.12
2018-08-03,25462.58,2840.35,7812.01,2.953,3.093
2018-08-06,25502.18,2850.4,7859.68,2.938,3.082
2018-08-07,25628.91,2858.45,7883.66,2.973,3.118
2018-08-08,25583.75,2857.7,7888.33,2.971,3.118
2018-08-09,25509.23,2853.58,7891.78,2.935,3.082
2018-08-10,25313.14,2833.28,7839.11,2.857,3.016
2018-08-13,25187.7,2821.93,7819.71,2.877,3.046
2018-08-14,25299.92,2839.96,7870.89,2.895,3.062
2018-08-15,25162.41,2818.37,7774.12,2.852,3.024
2018-08-16,25558.73,2840.69,7806.52,2.871,3.032
2018-08-17,25669.32,2850.13,7816.33,2.873,3.029
2018-08-20,25758.69,2857.05,7821.01,2.823,2.983
2018-08-21,25822.29,2862.96,7859.17,2.844,3.001
2018-08-22,25733.6,2861.82,7889.1,2.823,2.986
2018-08-23,25656.98,2856.98,7878.46,2.821,2.973
2018-08-24,25790.35,2874.69,7945.98,2.826,2.975
2018-08-27,26049.64,2896.74,8017.9,2.848,2.997
2018-08-28,26064.02,2897.52,8030.04,2.884,3.034
2018-08-29,26124.57,2914.04,8109.69,2.884,3.021
2018-08-30,25986.92,2901.13,8088.36,2.86,3.006
2018-08-31,25964.82,2901.52,8109.54,2.853,3.01
2018-09-04,25952.48,2896.72,8091.25,2.902,3.069
2018-09-05,25974.99,2888.6,7995.17,2.902,3.074
2018-09-06,25995.87,2878.05,7922.73,2.879,3.054
2018-09-07,25916.54,2871.68,7902.54,2.942,3.103
2018-09-10,25857.07,2877.13,7924.16,2.937,3.088
2018-09-11,25971.06,2887.89,7972.47,2.977,3.124
2018-09-12,25998.92,2888.92,7954.23,2.963,3.106
2018-09-13,26145.99,2904.18,8013.71,2.963,3.101
2018-09-14,26154.67,2904.98,8010.04,2.994,3.132
2018-09-17,26062.12,2888.8,7895.79,3.001,3.138
2018-09-18,26246.96,2904.31,7956.11,3.048,3.195
2018-09-19,26405.76,2907.95,7950.04,3.083,3.237
2018-09-20,26656.98,2930.75,8028.23,3.078,3.215
2018-09-21,26743.5,2929.67,7986.96,3.068,3.205
2018-09-24,26562.05,2919.37,7993.25,3.078,3.21
2018-09-25,26492.21,2915.56,8007.47,3.102,3.233
2018-09-26,26385.28,2905.97,7990.37,3.061,3.191
2018-09-27,26439.93,2914.0,8041.97,3.056,3.183
2018-09-28,26458.31,2913.98,8046.35,3.056,3.197
2018-10-01,26651.21,2924.59,8037.3,3.08,3.232
2018-10-02,26773.94,2923.43,7999.55,3.056,3.207
2018-10-03,26828.39,2925.51,8025.09,3.161,3.319
2018-10-04,26627.48,2901.61,7879.51,3.197,3.355
2018-10-05,26447.05,2885.57,7788.45,3.225,3.395
2018-10-08,26486.78,2884.43,7735.95,3.233,3.405
2018-10-09,26430.57,2880.34,7738.02,3.208,3.37
2018-10-10,25598.74,2785.68,7422.05,3.225,3.398
2018-10-11,25052.83,2728.37,7329.06,3.133,3.307
2018-10-12,25339.99,2767.13,7496.89,3.141,3.316
2018-10-15,25250.55,2750.79,7430.74,3.163,3.341
2018-10-16,25798.42,2809.92,7645.49,3.156,3.33
2018-10-17,25706.68,2809.21,7642.7,3.179,3.346
2018-10-18,25379.45,2768.78,7485.14,3.175,3.359
2018-10-19,25444.34,2767.78,7449.03,3.198,3.384
2018-10-22,25317.41,2755.88,7468.63,3.196,3.383
2018-10-23,25191.43,2740.69,7437.54,3.166,3.364
2018-10-24,24583.42,2656.1,7108.4,3.124,3.346
2018-10-25,24984.55,2705.57,7318.34,3.136,3.346
2018-10-26,24688.31,2658.69,7167.21,3.077,3.317
2018-10-29,24442.92,2641.25,7050.29,3.087,3.329
2018-10-30,24874.64,2682.63,7161.65,3.11,3.356
2018-10-31,25115.76,2711.74,7305.9,3.159,3.402
2018-11-01,25380.74,2740.37,7434.06,3.144,3.387
2018-11-02,25270.83,2723.06,7356.99,3.214,3.453
2018-11-05,25461.7,2738.31,7328.85,3.201,3.432
2018-11-06,25635.01,2755.45,7375.96,3.214,3.426
2018-11-07,26180.3,2813.89,7570.75,3.213,3.425
2018-11-08,26191.22,2806.83,7530.88,3.234,3.427
2018-11-09,25989.3,2781.01,7406.9,3.189,3.392
2018-11-12,25387.18,2726.22,7200.87,3.186,3.387
2018-11-13,25286.49,2722.18,7200.87,3.145,3.367
2018-11-14,25080.5,2701.58,7136.39,3.12,3.354
2018-11-15,25289.27,2730.2,7259.03,3.118,3.368
2018-11-16,25413.22,2736.27,7247.87,3.074,3.327
2018-11-19,25017.44,2690.73,7028.48,3.057,3.316
2018-11-20,24465.64,2641.89,6908.82,3.048,3.305
2018-11-21,24464.69,2649.93,6972.25,3.061,3.311
2018-11-23,24285.95,2632.56,6938.98,,
2018-11-26,24640.24,2673.45,7081.85,3.072,3.32
2018-11-27,24748.73,2682.17,7082.7,3.055,3.319
2018-11-28,25366.43,2743.79,7291.59,3.044,3.329
2018-11-29,25338.84,2737.8,7273.08,3.035,3.328
2018-11-30,25538.46,2760.17,7330.54,3.013,3.311
2018-12-03,25826.43,2790.37,7441.51,2.992,3.278
2018-12-04,25027.07,2700.06,7158.43,2.924,3.178
2018-12-06,24947.67,2695.95,7188.26,2.876,3.136
2018-12-07,24388.95,2633.08,6969.25,2.85,3.143
2018-12-10,24423.26,2637.72,7020.52,2.856,3.129
2018-12-11,24370.24,2636.78,7031.83,2.879,3.129
2018-12-12,24527.27,2651.07,7098.31,2.906,3.148
2018-12-13,24597.38,2650.54,7070.33,2.911,3.163
2018-12-14,24100.51,2599.95,6910.66,2.891,3.143
2018-12-17,23592.98,2545.94,6753.73,2.857,3.114
2018-12-18,23675.64,2546.16,6783.91,2.825,3.079
2018-12-19,23323.66,2506.96,6636.83,2.778,3.015
2018-12-20,22859.6,2467.42,6528.41,2.789,3.012
2018-12-21,22445.37,2416.62,6332.99,2.792,3.028
2018-12-24,21792.2,2351.1,6192.92,,
2018-12-26,22878.45,2467.7,6554.36,2.797,3.048
2018-12-27,23138.82,2488.83,6579.49,2.743,3.03
2018-12-28,23062.4,2485.74,6584.52,2.736,3.042
2018-12-31,23327.46,2506.85,6635.28,2.686,3.02
2019-01-02,23346.24,2510.03,6665.94,2.661,2.982
2019-01-03,22686.22,2447.89,6463.5,2.554,2.9
2019-01-04,23433.16,2531.94,6738.86,2.659,2.974
2019-01-07,23531.35,2549.69,6823.47,2.682,2.978
2019-01-08,23787.45,2574.41,6897.0,2.716,2.993
2019-01-09,23879.12,2584.96,6957.08,2.728,3.024
2019-01-10,24001.92,2596.64,6986.07,2.731,3.051
2019-01-11,23995.95,2596.26,6971.48,2.701,3.037
2019-01-14,23909.84,2582.61,6905.92,2.71,3.06
2019-01-15,24065.59,2610.3,7023.83,2.711,3.071
2019-01-16,24207.16,2616.1,7034.69,2.731,3.077
2019-01-17,24370.1,2635.96,7084.46,2.749,3.077
2019-01-18,24706.35,2670.71,7157.23,2.784,3.098
2019-01-22,24404.48,2632.9,7020.36,2.73,3.054
2019-01-23,24575.62,2638.7,7025.77,2.755,3.069
2019-01-24,24553.24,2642.33,7073.46,2.712,3.033
2019-01-25,24737.2,2664.76,7164.86,2.753,3.062
2019-01-28,24528.22,2643.85,7085.68,2.744,3.061
2019-01-29,24579.96,2640.0,7028.29,2.712,3.041
2019-01-30,25014.86,2681.05,7183.08,2.695,3.053
2019-01-31,24999.67,2704.1,7281.74,2.635,3.005
2019-02-01,25063.89,2706.53,7263.87,2.691,3.032
2019-02-04,25239.37,2724.87,7347.54,2.724,3.06
2019-02-05,25411.52,2737.7,7402.08,2.702,3.035
2019-02-06,25390.3,2731.61,7375.28,2.702,3.038
2019-02-07,25169.53,2706.05,7288.35,2.652,2.993
2019-02-08,25106.33,2707.88,7298.2,2.632,2.976
2019-02-11,25053.11,2709.8,7307.9,2.661,2.999
2019-02-12,25425.76,2744.73,7414.62,2.684,3.022
2019-02-13,25543.27,2753.03,7420.38,2.708,3.034
2019-02-14,25439.39,2745.73,7426.95,2.657,3.007
2019-02-15,25883.25,2775.6,7472.41,2.666,2.997
2019-02-19,25891.32,2779.76,7486.77,2.647,2.991
2019-02-20,25954.44,2784.7,7489.07,2.654,3.0
2019-02-21,25850.63,2774.88,7459.71,2.688,3.045
2019-02-22,26031.81,2792.67,7527.54,2.655,3.02
2019-02-25,26091.95,2796.11,7554.46,2.673,3.034
2019-02-26,26057.98,2793.9,7549.3,2.636,3.006
2019-02-27,25985.16,2792.38,7554.51,2.693,3.069
2019-02-28,25916.0,2784.49,7532.53,2.711,3.083
2019-03-01,26026.32,2803.69,7595.35,2.755,3.124
2019-03-04,25819.65,2792.81,7577.57,2.722,3.09
2019-03-05,25806.63,2789.65,7576.36,2.722,3.087
2019-03-06,25673.46,2771.45,7505.92,2.692,3.071
2019-03-07,25473.23,2748.93,7421.46,2.636,3.025
2019-03-08,25450.24,2743.07,7408.14,2.625,3.009
2019-03-11,25650.88,2783.3,7558.06,2.643,3.033
2019-03-12,25554.66,2791.52,7591.03,2.605,2.988
2019-03-13,25702.89,2810.92,7643.41,2.611,3.01
2019-03-14,25709.94,2808.48,7630.91,2.63,3.045
2019-03-15,25848.87,2822.48,7688.53,2.593,3.02
2019-03-18,25914.1,2832.94,7714.48,2.602,3.011
2019-03-19,25887.38,2832.57,7723.95,2.614,3.028
2019-03-20,25745.67,2824.23,7728.97,2.535,2.975
2019-03-21,25962.51,2854.88,7838.96,2.537,2.964
2019-03-22,25502.32,2800.71,7642.67,2.455,2.889
2019-03-25,25516.83,2798.36,7637.54,2.42,2.867
2019-03-26,25657.73,2818.46,7691.52,2.414,2.867
2019-03-27,25625.59,2805.37,7643.38,2.374,2.821
2019-03-28,25717.46,2815.44,7669.17,2.389,2.811
2019-03-29,25928.68,2834.4,7729.32,2.414,2.822
2019-04-01,26258.42,2867.19,7828.91,2.497,2.89
2019-04-02,26179.13,2867.24,7848.69,2.481,2.888
2019-04-03,26218.13,2873.4,7895.55,2.517,2.929
2019-04-04,26384.63,2879.39,7891.78,2.512,2.922
2019-04-05,26424.99,2892.74,7938.69,2.501,2.909
2019-04-08,26341.02,2895.77,7953.88,2.519,2.925
2019-04-09,26150.58,2878.2,7909.28,2.499,2.911
2019-04-10,26157.16,2888.21,7964.24,2.477,2.904
2019-04-11,26143.05,2888.32,7947.36,2.504,2.938
2019-04-12,26412.3,2907.41,7984.16,2.56,2.971
2019-04-15,26384.77,2905.58,7976.01,2.553,2.963
2019-04-16,26452.66,2907.06,8000.23,2.592,2.993
2019-04-17,26449.54,2900.45,7996.08,2.592,2.991
2019-04-18,26559.54,2905.03,7998.06,2.56,2.959
2019-04-22,26511.05,2907.97,8015.27,2.59,2.994
2019-04-23,26656.39,2933.68,8120.82,2.57,2.981
2019-04-24,26597.05,2927.25,8102.01,2.522,2.941
2019-04-25,26462.08,2926.17,8118.68,2.534,2.947
2019-04-26,26543.33,2939.88,8146.4,2.505,2.927
2019-04-29,26554.39,2943.03,8161.85,2.536,2.965
2019-04-30,26592.91,2945.83,8095.39,2.509,2.94
2019-05-01,26430.14,2923.73,8049.64,2.511,2.917
2019-05-02,26307.79,2917.52,8036.77,2.552,2.943
2019-05-03,26504.95,2945.64,8164.0,2.531,2.926
2019-05-06,26438.48,2932.47,8123.29,2.5,2.907
2019-05-07,25965.09,2884.05,7963.76,2.448,2.862
2019-05-08,25967.33,2879.42,7943.32,2.482,2.889
2019-05-09,25828.36,2870.72,7910.59,2.457,2.877
2019-05-10,25942.37,2881.4,7916.94,2.455,2.873
2019-05-13,25324.99,2811.87,7647.02,2.405,2.838
2019-05-14,25532.05,2834.41,7734.49,2.419,2.852
2019-05-15,25648.02,2850.96,7822.15,2.379,2.823
2019-05-16,25862.68,2876.32,7898.05,2.405,2.84
2019-05-17,25764.0,2859.53,7816.28,2.393,2.824
2019-05-20,25679.9,2840.23,7702.38,2.416,2.835
2019-05-21,25877.33,2864.36,7785.72,2.426,2.842
2019-05-22,25776.61,2856.27,7750.84,2.393,2.818
2019-05-23,25490.47,2822.24,7628.28,2.296,2.732
2019-05-24,25585.69,2826.06,7637.01,2.324,2.752
2019-05-28,25347.77,2802.39,7607.35,2.268,2.707
2019-05-29,25126.41,2783.02,7547.31,2.236,2.673
2019-05-30,25169.88,2788.86,7567.72,2.227,2.654
2019-05-31,24815.04,2752.06,7453.15,2.142,2.583
2019-06-03,24819.78,2744.45,7333.02,2.081,2.548
2019-06-04,25332.18,2803.27,7527.12,2.119,2.603
2019-06-05,25539.57,2826.15,7575.48,2.123,2.633
2019-06-06,25720.66,2843.49,7615.55,2.124,2.622
2019-06-07,25983.94,2873.34,7742.1,2.084,2.571
2019-06-10,26062.68,2886.73,7823.17,2.143,2.622
2019-06-11,26048.51,2885.72,7822.57,2.14,2.617
2019-06-12,26004.83,2879.84,7792.72,2.127,2.623
2019-06-13,26106.77,2891.64,7837.13,2.091,2.601
2019-06-14,26089.61,2886.98,7796.66,2.093,2.592
2019-06-17,26112.53,2889.67,7845.02,2.086,2.577
2019-06-18,26465.54,2917.75,7953.88,2.06,2.552
2019-06-19,26504.0,2926.46,7987.32,2.029,2.54
2019-06-20,26753.17,2954.18,8051.34,2.001,2.527
2019-06-21,26719.13,2950.46,8031.71,2.068,2.592
2019-06-24,26727.54,2945.35,8005.7,2.021,2.55
2019-06-25,26548.22,2917.38,7884.72,1.994,2.526
2019-06-26,26536.82,2913.78,7909.97,2.049,2.565
2019-06-27,26526.58,2924.92,7967.76,2.005,2.524
2019-06-28,26599.96,2941.76,8006.24,2.0,2.528
2019-07-01,26717.43,2964.33,8091.16,2.034,2.559
2019-07-02,26786.68,2973.01,8109.09,1.976,2.507
2019-07-03,26966.0,2995.82,8170.23,,
2019-07-05,26922.12,2990.41,8161.79,2.048,2.549
2019-07-08,26806.14,2975.95,8098.38,2.034,2.52
2019-07-09,26783.49,2979.63,8141.73,2.054,2.531
2019-07-10,26860.2,2993.07,8202.53,2.061,2.571
2019-07-11,27088.08,2999.91,8196.04,2.12,2.641
2019-07-12,27332.03,3013.77,8244.14,2.106,2.633
2019-07-15,27359.16,3014.3,8258.19,2.092,2.612
2019-07-16,27335.63,3004.04,8222.8,2.122,2.632
2019-07-17,27219.85,2984.42,8185.21,2.061,2.573
2019-07-18,27222.97,2995.11,8207.24,2.038,2.568
2019-07-19,27154.2,2976.61,8146.49,2.048,2.578
2019-07-22,27171.9,2985.03,8204.14,2.043,2.57
2019-07-23,27349.19,3005.47,8251.4,2.074,2.608
2019-07-24,27269.97,3019.56,8321.5,2.05,2.578
2019-07-25,27140.98,3003.67,8238.54,2.074,2.603
2019-07-26,27192.45,3025.86,8330.21,2.081,2.601
2019-07-29,27221.35,3020.97,8293.33,2.055,2.583
2019-07-30,27198.02,3013.18,8273.61,2.061,2.586
2019-07-31,26864.27,2980.38,8175.42,2.021,2.527
2019-08-01,26583.42,2953.56,8111.12,1.894,2.441
2019-08-02,26485.01,2932.05,8004.07,1.855,2.391
2019-08-05,25717.74,2844.74,7726.04,1.735,2.295
2019-08-06,26029.52,2881.77,7833.27,1.739,2.269
2019-08-07,26007.07,2883.98,7862.83,1.684,2.197
2019-08-08,26378.19,2938.09,8039.16,1.716,2.232
2019-08-09,26287.44,2918.65,7959.14,1.734,2.248
2019-08-12,25896.44,2882.7,7863.41,1.639,2.13
2019-08-13,26279.91,2926.32,8016.36,1.68,2.137
2019-08-14,25479.42,2840.6,7773.94,1.581,2.025
2019-08-15,25579.39,2847.6,7766.62,1.529,1.98
2019-08-16,25886.01,2888.68,7895.99,1.539,2.0
2019-08-19,26135.79,2923.65,8002.81,1.598,2.085
2019-08-20,25962.44,2900.51,7948.56,1.561,2.044
2019-08-21,26202.73,2924.43,8020.21,1.577,2.053
2019-08-22,26252.24,2922.95,7991.39,1.61,2.102
2019-08-23,25628.9,2847.11,7751.77,1.528,2.025
2019-08-26,25898.83,2878.38,7853.74,1.545,2.04
2019-08-27,25777.9,2869.16,7826.95,1.49,1.969
2019-08-28,26036.1,2887.94,7856.88,1.466,1.938
2019-08-29,26362.25,2924.58,7973.39,1.516,1.979
2019-08-30,26403.28,2926.46,7962.88,1.506,1.97
2019-09-03,26118.02,2906.27,7874.16,1.466,1.949
2019-09-04,26355.47,2937.78,7976.88,1.459,1.956
2019-09-05,26728.15,2976.0,8116.83,1.565,2.054
2019-09-06,26797.46,2978.71,8103.07,1.55,2.02
2019-09-09,26835.51,2978.43,8087.44,1.622,2.098
2019-09-10,26909.43,2979.39,8084.16,1.702,2.182
2019-09-11,27137.04,3000.93,8169.68,1.733,2.208
2019-09-12,27182.45,3009.57,8194.47,1.791,2.264
2019-09-13,27219.52,3007.39,8176.71,1.903,2.378
2019-09-16,27076.82,2997.96,8153.54,1.841,2.308
2019-09-17,27110.8,3005.7,8186.02,1.812,2.28
2019-09-18,27147.08,3006.73,8177.39,1.786,2.236
2019-09-19,27094.79,3006.79,8182.88,1.774,2.213
2019-09-20,26935.07,2992.07,8117.67,1.755,2.199
2019-09-23,26949.99,2991.78,8112.46,1.708,2.154
2019-09-24,26807.77,2966.6,7993.63,1.635,2.095
2019-09-25,26970.71,2984.87,8077.38,1.732,2.184
2019-09-26,26891.12,2977.62,8030.66,1.685,2.128
2019-09-27,26820.25,2961.79,7939.63,1.675,2.124
2019-09-30,26916.83,2976.74,7999.34,1.675,2.121
2019-10-01,26573.04,2940.25,7908.68,1.644,2.105
2019-10-02,26078.62,2887.61,7785.25,1.596,2.086
2019-10-03,26201.04,2910.63,7872.26,1.536,2.038
2019-10-04,26573.72,2952.01,7982.47,1.515,2.015
2019-10-07,26478.02,2938.79,7956.29,1.553,2.045
2019-10-08,26164.04,2893.06,7823.78,1.537,2.041
2019-10-09,26346.01,2919.4,7903.74,1.589,2.087
2019-10-10,26496.67,2938.13,7950.78,1.658,2.152
2019-10-11,26816.59,2970.27,8057.04,1.752,2.215
2019-10-14,26787.36,2966.15,8048.65,1.733,2.197
2019-10-15,27024.8,2995.68,8148.71,1.771,2.233
2019-10-16,27001.98,2989.69,8124.18,1.748,2.233
2019-10-17,27025.88,2997.95,8156.85,1.757,2.243
2019-10-18,26770.2,2986.2,8089.54,1.747,2.246
2019-10-21,26827.64,3006.72,8162.99,1.792,2.284
2019-10-22,26788.1,2995.99,8104.3,1.768,2.251
2019-10-23,26833.95,3004.52,8119.79,1.759,2.251
2019-10-24,26805.53,3010.29,8185.8,1.766,2.259
2019-10-25,26958.06,3022.55,8243.12,1.801,2.292
2019-10-28,27090.72,3039.42,8325.99,1.853,2.348
2019-10-29,27071.46,3036.89,8276.85,1.835,2.33
2019-10-30,27186.69,3046.77,8303.98,1.798,2.272
2019-10-31,27046.23,3037.56,8292.36,1.691,2.176
2019-11-01,27347.36,3066.91,8386.4,1.728,2.212
2019-11-04,27462.11,3078.27,8433.2,1.786,2.273
2019-11-05,27492.63,3074.62,8434.68,1.866,2.348
2019-11-06,27492.56,3076.78,8410.63,1.814,2.297
2019-11-07,27674.8,3085.18,8434.52,1.926,2.403
2019-11-08,27681.24,3093.08,8475.31,1.933,2.417
2019-11-11,27691.49,3087.01,8464.28,1.943,2.427
2019-11-12,27691.49,3091.84,8486.09,1.909,2.384
2019-11-13,27783.59,3094.04,8482.1,1.87,2.351
2019-11-14,27781.96,3096.63,8479.02,1.815,2.297
2019-11-15,28004.89,3120.46,8540.83,1.834,2.311
2019-11-18,28036.22,3122.03,8549.94,1.808,2.293
2019-11-19,27934.02,3120.18,8570.66,1.786,2.255
2019-11-20,27821.09,3108.46,8526.73,1.738,2.203
2019-11-21,27766.29,3103.54,8506.21,1.772,2.231
2019-11-22,27875.62,3110.29,8519.88,1.774,2.223
2019-11-25,28066.47,3133.64,8632.49,1.764,2.207
2019-11-26,28121.68,3140.52,8647.93,1.74,2.178
2019-11-27,28164.0,3153.63,8705.18,1.767,2.193
2019-11-29,28051.41,3140.98,8665.47,,
2019-12-02,27783.04,3113.87,8567.99,1.836,2.285
2019-12-03,27502.81,3093.2,8520.64,1.709,2.16
2019-12-04,27649.78,3112.76,8566.67,1.781,2.229
2019-12-05,27677.79,3117.43,8570.7,1.797,2.247
2019-12-06,28015.06,3145.91,8656.53,1.842,2.284
2019-12-09,27909.6,3135.96,8621.83,1.829,2.264
2019-12-10,27881.72,3132.52,8616.18,1.833,2.253
2019-12-11,27911.3,3141.63,8654.05,1.79,2.22
2019-12-12,28132.05,3168.57,8717.32,1.897,2.318
2019-12-13,28135.38,3168.8,8734.88,1.819,2.25
2019-12-16,28235.89,3191.45,8814.23,1.892,2.31
2019-12-17,28267.16,3192.52,8823.36,1.889,2.316
2019-12-18,28239.28,3191.14,8827.74,1.924,2.351
2019-12-19,28376.96,3205.37,8887.22,1.908,2.344
2019-12-20,28455.09,3221.22,8924.96,1.917,2.346
2019-12-23,28551.53,3224.01,8945.65,1.935,2.363
2019-12-24,28515.45,3223.38,8952.88,,
2019-12-26,28621.39,3239.91,9022.39,1.905,2.337
2019-12-27,28645.26,3240.02,9006.62,1.874,2.311
2019-12-30,28462.14,3221.29,8945.99,1.895,2.343
2019-12-31,28538.44,3230.78,8972.6,1.919,2.389
2020-01-02,28868.8,3257.85,9092.19,1.882,2.341
2020-01-03,28634.88,3234.85,9020.77,1.788,2.249
2020-01-06,28703.38,3246.28,9071.47,1.811,2.281
2020-01-07,28583.68,3237.18,9068.58,1.827,2.305
2020-01-08,28745.09,3253.05,9129.24,1.874,2.358
2020-01-09,28956.9,3274.7,9203.43,1.858,2.33
2020-01-10,28823.77,3265.35,9178.86,1.825,2.284
2020-01-13,28907.05,3288.13,9273.93,1.848,2.307
2020-01-14,28939.67,3283.15,9251.33,1.818,2.275
2020-01-15,29030.22,3289.29,9258.7,1.788,2.242
2020-01-16,29297.64,3316.81,9357.13,1.809,2.261
2020-01-17,29348.1,3329.62,9388.94,1.836,2.296
2020-01-21,29196.04,3320.79,9370.81,1.769,2.231
2020-01-22,29186.27,3321.75,9383.77,1.769,2.218
2020-01-23,29160.09,3325.54,9402.48,1.74,2.182
2020-01-24,28989.73,3295.47,9314.91,1.681,2.128
2020-01-27,28535.8,3243.63,9139.31,1.605,2.055
2020-01-28,28722.85,3276.24,9269.68,1.641,2.095
2020-01-29,28734.45,3273.4,9275.16,1.594,2.053
2020-01-30,28859.44,3283.66,9298.93,1.558,2.028
2020-01-31,28256.03,3225.52,9150.94,1.52,2.015
2020-02-03,28399.81,3248.92,9273.4,1.52,1.997
2020-02-04,28807.63,3297.59,9467.97,1.603,2.081
2020-02-05,29290.85,3334.69,9508.68,1.649,2.133
2020-02-06,29379.77,3345.78,9572.15,1.644,2.114
2020-02-07,29102.51,3327.71,9520.51,1.578,2.042
2020-02-10,29276.82,3352.09,9628.39,1.547,2.02
2020-02-11,29276.34,3357.75,9638.94,1.59,2.051
2020-02-12,29551.42,3379.45,9725.96,1.63,2.091
2020-02-13,29423.31,3373.94,9711.97,1.617,2.071
2020-02-14,29398.08,3380.16,9731.18,1.588,2.043
2020-02-18,29232.19,3370.29,9732.74,1.556,2.006
2020-02-19,29348.03,3386.15,9817.18,1.57,2.016
2020-02-20,29219.98,3373.23,9750.97,1.525,1.972
2020-02-21,28992.41,3337.75,9576.59,1.471,1.918
2020-02-24,27960.8,3225.89,9221.28,1.377,1.837
2020-02-25,27081.36,3128.21,8965.61,1.33,1.804
2020-02-26,26957.59,3116.39,8980.78,1.31,1.796
2020-02-27,25766.64,2978.76,8566.48,1.299,1.784
2020-02-28,25409.36,2954.22,8567.37,1.127,1.671
2020-03-02,26703.32,3090.23,8952.17,1.088,1.646
2020-03-03,25917.41,3003.37,8684.09,1.01,1.63
2020-03-04,27090.86,3130.12,9018.09,0.992,1.635
2020-03-05,26121.28,3023.94,8738.59,0.926,1.571
2020-03-06,25864.78,2972.37,8575.62,0.706,1.215
2020-03-09,23851.02,2746.56,7950.68,0.499,0.937
2020-03-10,25018.16,2882.23,8344.25,0.748,1.219
2020-03-11,23553.22,2741.38,7952.05,0.82,1.308
2020-03-12,21200.62,2480.64,7201.8,0.849,1.407
2020-03-13,23185.62,2711.02,7874.88,0.951,1.552
2020-03-16,20188.52,2386.13,6904.59,0.728,1.334
2020-03-17,21237.38,2529.19,7334.78,0.997,1.582
2020-03-18,19898.92,2398.1,6989.84,1.266,1.897
2020-03-19,20087.19,2409.39,7150.58,1.119,1.74
2020-03-20,19173.98,2304.92,6879.52,0.938,1.556
2020-03-23,18591.93,2237.4,6860.67,0.764,1.344
2020-03-24,20704.91,2447.33,7417.86,0.816,1.369
2020-03-25,21200.55,2475.56,7384.3,0.858,1.423
2020-03-26,22552.17,2630.07,7797.54,0.811,1.395
2020-03-27,21636.78,2541.47,7502.38,0.749,1.337
2020-03-30,22327.48,2626.65,7774.15,0.67,1.282
2020-03-31,21917.16,2584.59,7700.1,0.698,1.351
2020-04-01,20943.51,2470.5,7360.58,0.635,1.289
2020-04-02,21413.44,2526.9,7487.31,0.627,1.27
2020-04-03,21052.53,2488.65,7373.08,0.587,1.214
2020-04-06,22679.99,2663.68,7913.24,0.676,1.284
2020-04-07,22653.86,2659.41,7887.26,0.736,1.332
2020-04-08,23433.57,2749.98,8090.9,0.764,1.364
2020-04-09,23719.37,2789.82,8153.58,0.729,1.353
2020-04-13,23390.77,2761.63,8192.42,0.749,1.391
2020-04-14,23949.76,2846.06,8515.74,0.752,1.412
2020-04-15,23504.35,2783.36,8393.18,0.638,1.275
2020-04-16,23537.68,2799.55,8532.36,0.609,1.21
2020-04-17,24242.49,2874.56,8650.14,0.654,1.276
2020-04-20,23650.44,2823.16,8560.73,0.626,1.237
2020-04-21,23018.88,2736.56,8263.23,0.571,1.162
2020-04-22,23475.82,2799.31,8495.38,0.619,1.22
2020-04-23,23515.26,2797.8,8494.75,0.613,1.204
2020-04-24,23775.27,2836.74,8634.52,0.596,1.177
2020-04-27,24133.78,2878.48,8730.16,0.656,1.251
2020-04-28,24101.55,2863.39,8607.73,0.61,1.206
2020-04-29,24633.86,2939.51,8914.71,0.627,1.245
2020-04-30,24345.72,2912.43,8889.55,0.622,1.266
2020-05-01,23723.69,2830.71,8604.95,0.642,1.278
2020-05-04,23749.76,2842.74,8710.71,0.637,1.297
2020-05-05,23883.09,2868.44,8809.12,0.657,1.33
2020-05-06,23664.64,2848.42,8854.39,0.711,1.415
2020-05-07,23875.89,2881.19,8979.66,0.631,1.322
2020-05-08,24331.32,2929.8,9121.32,0.682,1.386
2020-05-11,24221.99,2930.19,9192.34,0.726,1.445
2020-05-12,23764.78,2870.12,9002.55,0.678,1.381
2020-05-13,23247.97,2820.0,8863.17,0.649,1.341
2020-05-14,23625.34,2852.5,8943.72,0.619,1.296
2020-05-15,23685.42,2863.7,9014.56,0.64,1.319
2020-05-18,24597.37,2953.91,9234.83,0.744,1.458
2020-05-19,24206.86,2922.94,9185.1,0.711,1.435
2020-05-20,24575.9,2971.61,9375.78,0.68,1.399
2020-05-21,24474.12,2948.51,9284.88,0.677,1.399
2020-05-22,24465.16,2955.45,9324.59,0.657,1.371
2020-05-26,24995.11,2991.77,9340.22,0.698,1.439
2020-05-27,25548.27,3036.13,9412.36,0.68,1.434
2020-05-28,25400.64,3029.73,9368.99,0.705,1.474
2020-05-29,25383.11,3044.31,9489.87,0.648,1.407
2020-06-01,25475.02,3055.73,9552.05,0.662,1.455
2020-06-02,25742.65,3080.82,9608.38,0.68,1.479
2020-06-03,26269.89,3122.87,9682.91,0.761,1.551
2020-06-04,26281.82,3112.35,9615.81,0.82,1.624
2020-06-05,27110.98,3193.93,9814.08,0.904,1.678
2020-06-08,27572.44,3232.39,9924.75,0.884,1.66
2020-06-09,27272.3,3207.18,9953.75,0.829,1.583
2020-06-10,26989.99,3190.14,10020.35,0.748,1.52
2020-06-11,25128.17,3002.1,9492.73,0.653,1.401
2020-06-12,25605.54,3041.31,9588.81,0.699,1.45
2020-06-15,25763.16,3066.59,9726.02,0.702,1.448
2020-06-16,26289.98,3124.74,9895.87,0.756,1.539
2020-06-17,26119.61,3113.49,9910.53,0.733,1.524
2020-06-18,26080.1,3115.34,9943.05,0.694,1.461
2020-06-19,25871.46,3097.74,9946.12,0.697,1.47
2020-06-22,26024.96,3117.86,10056.48,0.704,1.461
2020-06-23,26156.1,3131.29,10131.37,0.709,1.489
2020-06-24,25445.94,3050.33,9909.17,0.684,1.445
2020-06-25,25745.6,3083.76,10017.0,0.674,1.418
2020-06-26,25015.55,3009.05,9757.22,0.636,1.372
2020-06-29,25595.8,3053.24,9874.15,0.636,1.391
2020-06-30,25812.88,3100.29,10058.77,0.653,1.409
2020-07-01,25734.97,3115.86,10154.63,0.682,1.433
2020-07-02,25827.36,3130.01,10207.63,0.669,1.429
2020-07-06,26287.03,3179.72,10433.65,0.684,1.443
2020-07-07,25890.18,3145.32,10343.89,0.65,1.39
2020-07-08,26067.28,3169.94,10492.5,0.653,1.392
2020-07-09,25706.09,3152.05,10547.75,0.605,1.308
2020-07-10,26075.3,3185.04,10617.44,0.633,1.326
2020-07-13,26085.8,3155.22,10390.84,0.64,1.337
2020-07-14,26642.59,3197.52,10488.58,0.615,1.302
2020-07-15,26870.1,3226.56,10550.49,0.63,1.331
2020-07-16,26734.71,3215.57,10473.83,0.612,1.301
2020-07-17,26671.95,3224.73,10503.19,0.628,1.329
2020-07-20,26680.87,3251.84,10767.09,0.62,1.319
2020-07-21,26840.4,3257.3,10680.36,0.607,1.313
2020-07-22,27005.84,3276.02,10706.13,0.595,1.289
2020-07-23,26652.33,3235.66,10461.42,0.582,1.249
2020-07-24,26469.89,3215.63,10363.18,0.589,1.239
2020-07-27,26584.77,3239.41,10536.27,0.609,1.252
2020-07-28,26379.28,3218.44,10402.09,0.581,1.223
2020-07-29,26539.57,3258.44,10542.94,0.579,1.242
2020-07-30,26313.65,3246.22,10587.81,0.541,1.198
2020-07-31,26428.32,3271.12,10745.27,0.536,1.198
2020-08-03,26664.4,3294.61,10902.8,0.563,1.245
2020-08-04,26828.47,3306.51,10941.17,0.515,1.191
2020-08-05,27201.52,3327.77,10998.4,0.543,1.219
2020-08-06,27386.98,3349.16,11108.07,0.536,1.201
2020-08-07,27433.48,3351.28,11010.98,0.562,1.229
2020-08-10,27791.44,3360.47,10968.36,0.574,1.248
2020-08-11,27686.91,3333.69,10782.82,0.658,1.348
2020-08-12,27976.84,3380.35,11012.24,0.67,1.365
2020-08-13,27896.72,3373.43,11042.5,0.716,1.426
2020-08-14,27931.02,3372.85,11019.3,0.709,1.442
2020-08-17,27844.91,3381.99,11129.73,0.683,1.424
2020-08-18,27778.07,3389.78,11210.84,0.669,1.398
2020-08-19,27692.88,3374.85,11146.46,0.675,1.415
2020-08-20,27739.73,3385.51,11264.95,0.644,1.377
2020-08-21,27930.33,3397.16,11311.8,0.64,1.353
2020-08-24,28308.46,3431.28,11379.72,0.646,1.35
2020-08-25,28248.44,3443.62,11466.47,0.682,1.388
2020-08-26,28331.92,3478.73,11665.06,0.687,1.406
2020-08-27,28492.27,3484.55,11625.34,0.746,1.5
2020-08-28,28653.87,3508.01,11695.63,0.729,1.508
2020-08-31,28430.05,3500.31,11775.46,0.693,1.452
2020-09-01,28645.66,3526.65,11939.67,0.672,1.425
2020-09-02,29100.5,3580.84,12056.44,0.651,1.375
2020-09-03,28292.73,3455.06,11458.1,0.622,1.341
2020-09-04,28133.31,3426.96,11313.13,0.721,1.47
2020-09-08,27500.89,3331.84,10847.69,0.684,1.423
2020-09-09,27940.47,3398.96,11141.56,0.703,1.458
2020-09-10,27534.58,3339.19,10919.59,0.685,1.434
2020-09-11,27665.64,3340.97,10853.55,0.669,1.417
2020-09-14,27993.33,3383.54,11056.65,0.671,1.409
2020-09-15,27995.6,3401.2,11190.32,0.679,1.432
2020-09-16,28032.38,3385.49,11050.47,0.687,1.447
2020-09-17,27901.98,3357.01,10910.28,0.684,1.429
2020-09-18,27657.42,3319.47,10793.28,0.694,1.453
2020-09-21,27147.7,3281.06,10778.8,0.671,1.427
2020-09-22,27288.18,3315.57,10963.64,0.664,1.414
2020-09-23,26763.13,3236.92,10632.99,0.676,1.425
2020-09-24,26815.44,3246.59,10672.27,0.666,1.401
2020-09-25,27173.96,3298.46,10913.56,0.659,1.405
2020-09-28,27584.06,3351.6,11117.53,0.663,1.423
2020-09-29,27452.66,3335.47,11085.25,0.645,1.406
2020-09-30,27781.7,3363.0,11167.51,0.677,1.451
2020-10-01,27816.9,3380.8,11326.51,0.677,1.454
2020-10-02,27682.81,3348.42,11075.02,0.696,1.481
2020-10-05,28148.64,3408.6,11332.49,0.762,1.567
2020-10-06,27772.76,3360.97,11154.6,0.742,1.536
2020-10-07,28303.46,3419.44,11364.6,0.785,1.588
2020-10-08,28425.51,3446.83,11420.98,0.765,1.566
2020-10-09,28586.9,3477.14,11579.94,0.775,1.574
2020-10-12,28837.52,3534.22,11876.26,0.777,1.574
2020-10-13,28679.81,3511.93,11863.9,0.727,1.513
2020-10-14,28514.0,3488.67,11768.73,0.722,1.5
2020-10-15,28494.2,3483.34,11713.87,0.731,1.507
2020-10-16,28606.31,3483.81,11671.56,0.744,1.529
2020-10-19,28195.42,3426.92,11478.88,0.761,1.548
2020-10-20,28308.79,3443.12,11516.49,0.797,1.604
2020-10-21,28210.82,3435.56,11484.69,0.816,1.629
2020-10-22,28363.66,3453.49,11506.01,0.848,1.658
2020-10-23,28335.57,3465.39,11548.28,0.841,1.645
2020-10-26,27685.38,3400.97,11358.94,0.801,1.594
2020-10-27,27463.19,3390.68,11431.35,0.778,1.571
2020-10-28,26519.95,3271.03,11004.87,0.781,1.57
2020-10-29,26659.11,3310.11,11185.59,0.835,1.625
2020-10-30,26501.6,3269.96,10911.59,0.86,1.64
2020-11-02,26925.05,3310.24,10957.61,0.849,1.624
2020-11-03,27480.03,3369.16,11160.57,0.882,1.655
2020-11-04,27847.66,3443.44,11590.78,0.768,1.546
2020-11-05,28390.18,3510.45,11890.93,0.776,1.544
2020-11-06,28323.4,3509.44,11895.23,0.82,1.599
2020-11-09,29157.97,3550.5,11713.78,0.958,1.751
2020-11-10,29420.92,3545.53,11553.86,0.972,1.76
2020-11-11,29397.63,3572.66,11786.43,0.958,1.739
2020-11-12,29080.17,3537.01,11709.59,0.885,1.651
2020-11-13,29479.81,3585.15,11829.29,0.893,1.648
2020-11-16,29950.44,3626.91,11924.13,0.906,1.66
2020-11-17,29783.35,3609.53,11899.34,0.872,1.626
2020-11-18,29438.42,3567.79,11801.6,0.882,1.618
2020-11-19,29483.23,3581.87,11904.71,0.854,1.578
2020-11-20,29263.48,3557.54,11854.97,0.829,1.532
2020-11-23,29591.27,3577.59,11880.63,0.857,1.562
2020-11-24,30046.24,3635.41,12036.79,0.882,1.603
2020-11-25,29872.47,3629.65,12094.4,0.878,1.62
2020-11-27,29910.37,3638.35,12205.85,,
2020-11-30,29638.64,3621.63,12198.74,0.844,1.573
2020-12-01,29823.92,3662.45,12355.11,0.934,1.676
2020-12-02,29883.79,3669.01,12349.37,0.948,1.704
2020-12-03,29969.52,3666.72,12377.18,0.92,1.666
2020-12-04,30218.26,3699.12,12464.23,0.969,1.73
2020-12-07,30069.79,3691.96,12519.95,0.928,1.686
2020-12-08,30173.88,3702.25,12582.77,0.913,1.659
2020-12-09,30068.81,3672.82,12338.95,0.941,1.689
2020-12-10,29999.26,3668.1,12405.81,0.908,1.637
2020-12-11,30046.37,3663.46,12377.87,0.893,1.626
2020-12-14,29861.55,3647.49,12440.04,0.892,1.628
2020-12-15,30199.31,3694.62,12595.06,0.923,1.665
2020-12-16,30154.54,3701.17,12658.19,0.92,1.666
2020-12-17,30303.37,3722.48,12764.75,0.93,1.676
2020-12-18,30179.05,3709.41,12755.64,0.948,1.7
2020-12-21,30216.45,3694.92,12742.52,0.941,1.684
2020-12-22,30015.51,3687.26,12807.92,0.918,1.653
2020-12-23,30129.83,3690.01,12771.11,0.955,1.697
2020-12-24,30199.87,3703.06,12804.73,,
2020-12-28,30403.97,3735.36,12899.42,0.933,1.669
2020-12-29,30335.67,3727.04,12850.22,0.935,1.674
2020-12-30,30409.56,3732.04,12870.0,0.926,1.662
2020-12-31,30606.48,3756.07,12888.28,0.917,1.646
2021-01-04,30223.89,3700.65,12698.45,0.917,1.656
2021-01-05,30391.6,3726.86,12818.96,0.955,1.705
2021-01-06,30829.4,3748.14,12740.79,1.042,1.821
2021-01-07,31041.13,3803.79,13067.48,1.071,1.845
2021-01-08,31097.97,3824.68,13201.98,1.105,1.863
2021-01-11,31008.69,3799.61,13036.43,1.132,1.876
2021-01-12,31068.69,3801.19,13072.43,1.138,1.885
2021-01-13,31060.47,3809.84,13128.95,1.088,1.818
2021-01-14,30991.52,3795.54,13112.64,1.129,1.874
2021-01-15,30814.26,3768.25,12998.5,1.097,1.853
2021-01-19,30930.52,3798.91,13197.18,1.092,1.84
2021-01-20,31188.38,3851.85,13457.25,1.09,1.842
2021-01-21,31176.01,3853.07,13530.91,1.109,1.872
2021-01-22,30996.98,3841.47,13543.06,1.091,1.857
2021-01-25,30960.0,3855.36,13635.99,1.04,1.798
2021-01-26,30937.04,3849.62,13626.06,1.04,1.802
2021-01-27,30303.17,3750.77,13270.6,1.014,1.778
2021-01-28,30603.36,3787.38,13337.16,1.057,1.82
2021-01-29,29982.62,3714.24,13070.69,1.093,1.858
2021-02-01,30211.91,3773.86,13403.39,1.077,1.847
2021-02-02,30687.48,3826.31,13612.78,1.105,1.877
2021-02-03,30723.6,3830.17,13610.54,1.131,1.912
2021-02-04,31055.86,3871.74,13777.74,1.139,1.933
2021-02-05,31148.24,3886.83,13856.3,1.17,1.974
2021-02-08,31385.76,3915.59,13987.64,1.16,1.943
2021-02-09,31375.83,3911.23,14007.7,1.157,1.947
2021-02-10,31437.8,3909.88,13972.53,1.133,1.924
2021-02-11,31430.7,3916.38,14025.77,1.158,1.947
2021-02-12,31458.4,3934.83,14095.47,1.2,2.003
2021-02-16,31522.75,3932.59,14047.5,1.299,2.09
2021-02-17,31613.02,3931.33,13965.49,1.301,2.069
2021-02-18,31493.34,3913.97,13865.36,1.287,2.076
2021-02-19,31494.32,3906.71,13874.46,1.345,2.14
2021-02-22,31521.69,3876.5,13533.05,1.37,2.18
2021-02-23,31537.35,3881.37,13465.2,1.362,2.2
2021-02-24,31961.86,3925.43,13597.97,1.389,2.242
2021-02-25,31402.01,3829.34,13119.43,1.518,2.308
2021-02-26,30932.37,3811.15,13192.35,1.46,2.182
2021-03-01,31535.51,3901.82,13588.83,1.446,2.22
2021-03-02,31391.52,3870.29,13358.79,1.415,2.216
2021-03-03,31270.09,3819.72,12997.75,1.47,2.252
2021-03-04,30924.14,3768.47,12723.47,1.55,2.309
2021-03-05,31496.3,3841.94,12920.15,1.554,2.288
2021-03-08,31802.44,3821.35,12609.16,1.596,2.308
2021-03-09,31832.74,3875.44,13073.82,1.546,2.259
2021-03-10,32297.02,3898.81,13068.83,1.52,2.243
2021-03-11,32485.59,3939.34,13398.67,1.527,2.281
2021-03-12,32778.64,3943.34,13319.86,1.635,2.402
2021-03-15,32953.46,3968.94,13459.71,1.607,2.368
2021-03-16,32825.95,3962.71,13471.57,1.621,2.391
2021-03-17,33015.37,3974.12,13525.2,1.641,2.437
2021-03-18,32862.3,3915.46,13116.17,1.73,2.476
2021-03-19,32627.97,3913.1,13215.24,1.732,2.451
2021-03-22,32731.2,3940.59,13377.54,1.684,2.383
2021-03-23,32423.15,3910.52,13227.7,1.638,2.348
2021-03-24,32420.06,3889.14,12961.89,1.614,2.314
2021-03-25,32619.48,3909.52,12977.68,1.614,2.334
2021-03-26,33072.88,3974.54,13138.73,1.66,2.367
2021-03-29,33171.37,3971.09,13059.65,1.721,2.424
2021-03-30,33066.96,3958.55,13045.39,1.726,2.396
2021-03-31,32981.55,3972.89,13246.87,1.746,2.425
2021-04-01,33153.21,4019.87,13480.11,1.679,2.34
2021-04-05,33527.19,4077.91,13705.59,1.72,2.363
2021-04-06,33430.24,4073.94,13698.38,1.656,2.316
2021-04-07,33446.26,4079.95,13688.84,1.653,2.335
2021-04-08,33503.57,4097.17,13829.31,1.632,2.322
2021-04-09,33800.6,4128.8,13900.19,1.666,2.339
2021-04-12,33745.4,4127.99,13850.0,1.675,2.347
2021-04-13,33677.27,4141.59,13996.1,1.623,2.307
2021-04-14,33730.89,4124.66,13857.84,1.638,2.325
2021-04-15,34035.99,4170.42,14038.76,1.53,2.21
2021-04-16,34200.67,4185.47,14052.34,1.573,2.261
2021-04-19,34077.63,4163.26,13914.77,1.601,2.294
2021-04-20,33821.3,4134.94,13786.27,1.562,2.259
2021-04-21,34137.31,4173.42,13950.22,1.564,2.264
2021-04-22,33815.9,4134.98,13818.41,1.554,2.239
2021-04-23,34043.49,4180.17,14016.81,1.567,2.251
2021-04-26,33981.57,4187.62,14138.78,1.57,2.244
2021-04-27,33984.93,4186.72,14090.22,1.622,2.294
2021-04-28,33820.38,4183.18,14051.03,1.62,2.3
2021-04-29,34060.36,4211.47,14082.55,1.64,2.311
2021-04-30,33874.85,4181.17,13962.68,1.631,2.301
2021-05-03,34113.23,4192.66,13895.12,1.607,2.288
2021-05-04,34133.03,4164.66,13633.5,1.592,2.266
2021-05-05,34230.34,4167.59,13582.42,1.584,2.259
2021-05-06,34548.53,4201.62,13632.84,1.561,2.236
2021-05-07,34777.76,4232.6,13752.24,1.577,2.277
2021-05-10,34742.82,4188.43,13401.86,1.602,2.319
2021-05-11,34269.16,4152.1,13389.43,1.624,2.351
2021-05-12,33587.66,4063.04,13031.68,1.695,2.415
2021-05-13,34021.45,4112.5,13124.99,1.668,2.396
2021-05-14,34382.13,4173.85,13429.98,1.635,2.355
2021-05-17,34327.79,4163.29,13379.05,1.64,2.355
2021-05-18,34060.66,4127.83,13303.64,1.642,2.364
2021-05-19,33896.04,4115.68,13299.74,1.683,2.387
2021-05-20,34084.15,4159.12,13535.74,1.634,2.342
2021-05-21,34207.84,4155.86,13470.99,1.632,2.333
2021-05-24,34393.98,4197.05,13661.17,1.608,2.302
2021-05-25,34312.46,4188.13,13657.17,1.564,2.26
2021-05-26,34323.05,4195.99,13738.0,1.574,2.26
2021-05-27,34464.64,4200.88,13736.28,1.61,2.29
2021-05-28,34529.45,4204.11,13748.74,1.581,2.263
2021-06-01,34575.31,4202.04,13736.48,1.615,2.296
2021-06-02,34600.38,4208.12,13756.33,1.591,2.28
2021-06-03,34577.04,4192.85,13614.51,1.625,2.295
2021-06-04,34756.39,4229.89,13814.49,1.56,2.239
2021-06-07,34630.24,4226.52,13881.72,1.569,2.251
2021-06-08,34599.82,4227.26,13924.91,1.528,2.209
2021-06-09,34447.14,4219.55,13911.75,1.489,2.169
2021-06-10,34466.24,4239.18,14020.33,1.459,2.153
2021-06-11,34479.6,4247.44,14069.42,1.462,2.152
2021-06-14,34393.75,4255.15,14174.14,1.501,2.19
2021-06-15,34299.33,4246.59,14072.86,1.499,2.199
2021-06-16,34033.67,4223.7,14039.68,1.569,2.209
2021-06-17,33823.45,4221.86,14161.35,1.511,2.1
2021-06-18,33290.08,4166.45,14030.38,1.45,2.027
