time,SQ,TSLA,AAPL,GOOG,DIS,JPM,TDOC
2017-05-16 00:00:00-04:00,20.33,317.01,155.47,943.0,107.97,87.61,28.55
2017-05-17 00:00:00-04:00,19.56,306.0,150.2,919.84,106.325,84.23,27.575
2017-05-18 00:00:00-04:00,19.685,313.0599,152.51,930.14,104.27,84.0,28.5
2017-05-19 00:00:00-04:00,19.91,310.74,153.05,934.02,107.49,84.76,29.65
2017-05-22 00:00:00-04:00,20.95,310.3,153.96,941.86,107.61,84.69,28.5
2017-05-23 00:00:00-04:00,21.6635,303.86,153.8,948.79,107.07,85.77,29.05
2017-05-24 00:00:00-04:00,21.93,310.22,153.3,954.96,107.74,85.7,29.05
2017-05-25 00:00:00-04:00,22.33,316.83,153.91,969.54,104.84,85.34,30.45
2017-05-26 00:00:00-04:00,22.33,325.05,153.59,971.23,105.96,85.34,30.25
2017-05-30 00:00:00-04:00,22.755,335.12,153.67,975.74,105.89,83.88,29.65
2017-05-31 00:00:00-04:00,23.0,341.01,152.77,964.86,107.92,82.15,30.6
2017-06-01 00:00:00-04:00,23.225,340.29,153.18,967.04,105.76,83.07,31.0
2017-06-02 00:00:00-04:00,23.21,339.85,155.45,975.59,104.75,82.54,32.9
2017-06-05 00:00:00-04:00,23.38,347.32,153.93,983.11,106.51,82.79,32.4
2017-06-06 00:00:00-04:00,24.21,352.8,154.45,976.56,105.51,82.97,33.5
2017-06-07 00:00:00-04:00,24.285,359.55,155.37,980.82,103.52,83.88,34.0
2017-06-08 00:00:00-04:00,24.795,370.01,154.92,983.4,104.32,84.9536,33.0
2017-06-09 00:00:00-04:00,23.02,357.45,148.97,949.93,105.62,86.96,31.6
2017-06-12 00:00:00-04:00,23.595,358.99,145.4,942.89,107.05,86.99,30.65
2017-06-13 00:00:00-04:00,23.48,375.95,146.59,953.41,104.15,87.27,32.55
2017-06-14 00:00:00-04:00,23.47,380.6599,145.16,950.76,103.74,87.0932,32.95
2017-06-15 00:00:00-04:00,23.99,375.34,144.3,942.6,105.95,86.57,33.4
2017-06-16 00:00:00-04:00,23.55,371.4,142.25,939.73,105.53,86.18,34.0
2017-06-19 00:00:00-04:00,24.199,369.8,146.34,957.25,105.32,88.01,35.75
2017-06-20 00:00:00-04:00,23.84,372.24,145.01,950.44,103.94,87.54,32.625
2017-06-21 00:00:00-04:00,24.15,376.4,145.87,959.51,104.83,87.14,33.8
2017-06-22 00:00:00-04:00,24.27,382.61,145.63,957.1,104.22,87.05,34.65
2017-06-23 00:00:00-04:00,24.17,383.23,146.29,965.59,104.435,86.84,36.05
2017-06-26 00:00:00-04:00,23.92,377.47,145.8,952.0777,105.55,87.26,35.7
2017-06-27 00:00:00-04:00,23.31,362.36,143.78,928.13,105.44,88.08,34.8
2017-06-28 00:00:00-04:00,24.3,371.01,145.83,940.49,104.44,89.81,36.2
2017-06-29 00:00:00-04:00,23.41,360.8899,143.67,917.76,105.68,91.16,35.3
2017-06-30 00:00:00-04:00,23.4599,361.73,144.03,908.73,103.85,91.41,34.65
2017-07-03 00:00:00-04:00,22.83,352.52,143.5,898.42,107.48,92.72,34.25
2017-07-05 00:00:00-04:00,23.7657,327.0,144.09,911.78,103.24,93.66,35.1
2017-07-06 00:00:00-04:00,23.23,308.72,142.72,906.7,102.53,93.38,34.65
2017-07-07 00:00:00-04:00,23.59,313.15,144.17,918.52,103.28,93.85,35.2
2017-07-10 00:00:00-04:00,23.93,315.97,145.09,928.79,102.76,93.2,35.0
2017-07-11 00:00:00-04:00,25.44,327.19,145.55,930.3,103.86,92.82,35.225
2017-07-12 00:00:00-04:00,26.2158,329.4,145.77,943.84,103.55,92.54,35.4
2017-07-13 00:00:00-04:00,25.99,323.29,147.78,947.159,104.24,93.2,34.7
2017-07-14 00:00:00-04:00,26.3193,327.67,149.04,956.0,105.09,92.24,35.35
2017-07-17 00:00:00-04:00,26.185,319.4,149.6,953.7,104.79,91.35,34.85
2017-07-18 00:00:00-04:00,26.58,328.22,150.08,965.21,104.91,91.05,35.1
2017-07-19 00:00:00-04:00,26.35,325.25,151.02,970.9,106.81,91.2,35.2
2017-07-20 00:00:00-04:00,26.39,329.8,150.35,968.47,107.41,91.24,34.4
2017-07-21 00:00:00-04:00,26.8101,328.24,150.3,972.92,106.24,90.87,34.35
2017-07-24 00:00:00-04:00,26.73,342.14,152.11,983.3,107.04,91.35,34.3
2017-07-25 00:00:00-04:00,26.87,339.58,152.75,950.65,105.57,92.8,34.7
2017-07-26 00:00:00-04:00,27.31,343.75,153.5,947.8,106.92,91.93,34.3
2017-07-27 00:00:00-04:00,25.905,334.4,150.55,934.09,109.99,91.55,32.5
2017-07-28 00:00:00-04:00,26.18,334.88,149.49,941.5,109.08,91.27,33.8
2017-07-31 00:00:00-04:00,26.32,323.34,148.77,930.5,109.05,91.81,32.75
2017-08-01 00:00:00-04:00,26.8,319.55,150.05,930.83,110.61,92.995,32.6
2017-08-02 00:00:00-04:00,26.404,325.83,157.15,929.89,108.65,93.079,30.75
2017-08-03 00:00:00-04:00,25.2066,347.0772,155.51,923.76,109.07,92.46,30.3
2017-08-04 00:00:00-04:00,25.21,357.0026,156.34,927.34,107.64,93.68,30.95
2017-08-07 00:00:00-04:00,25.69,355.17,158.79,928.85,106.34,94.02,31.75
2017-08-08 00:00:00-04:00,26.01,365.27,160.1,926.76,106.98,93.67,32.6
2017-08-09 00:00:00-04:00,25.58,363.64,161.1,922.9,102.78,93.51,31.95
2017-08-10 00:00:00-04:00,24.64,355.4,155.32,907.23,101.34,92.19,30.7
2017-08-11 00:00:00-04:00,24.81,357.87,157.49,914.45,102.0,91.45,30.4
2017-08-14 00:00:00-04:00,25.18,363.8,159.78,922.66,101.37,92.45,30.75
2017-08-15 00:00:00-04:00,24.82,362.23,161.64,922.19,100.7,92.74,31.2
2017-08-16 00:00:00-04:00,24.99,362.91,160.92,927.27,102.22,92.11,30.1
2017-08-17 00:00:00-04:00,24.53,351.85,157.86,911.01,101.39,90.66,30.1
2017-08-18 00:00:00-04:00,24.83,347.51,157.51,910.71,100.69,90.76,29.5
2017-08-21 00:00:00-04:00,24.45,337.87,157.16,906.32,100.36,90.61,28.95
2017-08-22 00:00:00-04:00,25.33,341.27,159.78,924.6,102.78,91.57,29.05
2017-08-23 00:00:00-04:00,25.47,352.75,159.99,927.55,101.5,91.68,29.25
2017-08-24 00:00:00-04:00,25.655,352.94,159.31,921.69,101.53,91.5,29.95
2017-08-25 00:00:00-04:00,25.0,347.99,159.86,915.89,102.439,91.9,29.8
2017-08-28 00:00:00-04:00,24.895,345.66,161.47,913.7396,102.57,91.6,32.675
2017-08-29 00:00:00-04:00,25.035,347.24,162.92,921.31,102.6,91.09,33.425
2017-08-30 00:00:00-04:00,25.75,353.13,163.33,929.57,102.87,91.3,33.25
2017-08-31 00:00:00-04:00,26.1,355.89,163.97,939.05,100.39,90.89,33.6
2017-09-01 00:00:00-04:00,25.911,355.22,164.04,937.02,101.51,91.72,34.4
2017-09-05 00:00:00-04:00,25.77,349.5,162.08,927.97,101.6,89.49,33.25
2017-09-06 00:00:00-04:00,26.07,344.66,161.92,927.81,101.5,90.12,32.95
2017-09-07 00:00:00-04:00,26.31,350.61,161.27,936.02,97.01,88.52,31.7
2017-09-08 00:00:00-04:00,26.53,343.3,158.63,926.5,97.1,88.42,32.95
2017-09-11 00:00:00-04:00,27.58,363.68,161.49,928.76,96.32,89.7,33.75
2017-09-12 00:00:00-04:00,27.25,362.71,160.85,932.12,97.91,90.89,34.0
2017-09-13 00:00:00-04:00,27.48,366.0601,159.62,934.82,98.03,91.15,34.7
2017-09-14 00:00:00-04:00,28.64,377.44,158.27,925.0,97.95,91.01,37.0
2017-09-15 00:00:00-04:00,28.5,379.81,159.88,920.42,98.55,91.57,35.95
2017-09-18 00:00:00-04:00,28.675,384.61,158.64,915.0,98.11,92.92,33.5
2017-09-19 00:00:00-04:00,28.56,374.82,158.72,921.82,98.44,93.94,31.35
2017-09-20 00:00:00-04:00,28.48,373.9,156.05,931.54,99.22,94.56,30.85
2017-09-21 00:00:00-04:00,28.41,366.43,153.41,932.46,98.1,95.05,31.65
2017-09-22 00:00:00-04:00,28.74,351.0,151.76,928.51,98.56,94.79,32.7
2017-09-25 00:00:00-04:00,27.46,344.88,150.56,920.97,98.78,94.1,31.45
2017-09-26 00:00:00-04:00,27.61,345.25,153.22,924.86,98.64,93.71,31.15
2017-09-27 00:00:00-04:00,28.06,340.99,154.2,944.49,98.45,95.19,31.4
2017-09-28 00:00:00-04:00,28.48,339.52,153.26,949.89,98.045,95.35,32.65
2017-09-29 00:00:00-04:00,28.81,341.02,154.0,958.95,98.55,95.48,33.15
2017-10-02 00:00:00-04:00,29.38,341.45,153.81,952.901,99.87,96.85,34.2
2017-10-03 00:00:00-04:00,29.94,348.14,154.47,957.72,100.78,97.38,34.75
2017-10-04 00:00:00-04:00,30.14,354.9887,153.47,951.66,100.51,96.36,34.8
2017-10-05 00:00:00-04:00,30.76,355.14,155.4,969.96,100.12,97.09,34.35
2017-10-06 00:00:00-04:00,30.78,356.834,155.29,978.38,99.27,96.9199,34.375
2017-10-09 00:00:00-04:00,31.07,342.84,155.82,977.0,99.56,96.38,33.6
2017-10-10 00:00:00-04:00,31.32,355.6,155.9,972.6,99.59,97.17,32.3
2017-10-11 00:00:00-04:00,31.9965,354.6,156.54,989.21,97.76,96.75,32.3
2017-10-12 00:00:00-04:00,32.82,355.65,156.01,987.91,96.16,95.96,32.8
2017-10-13 00:00:00-04:00,32.81,355.49,157.01,989.98,97.43,95.88,32.1
2017-10-16 00:00:00-04:00,33.22,350.46,159.87,991.99,98.0989,97.84,32.7
2017-10-17 00:00:00-04:00,32.69,355.73,160.47,991.87,98.32,97.62,34.0
2017-10-18 00:00:00-04:00,32.52,359.72,159.77,993.01,98.25,97.99,34.25
2017-10-19 00:00:00-04:00,32.1103,351.81,155.98,984.45,98.22,98.14,34.05
2017-10-20 00:00:00-04:00,32.495,345.1,156.25,988.18,99.4,99.505,34.2
2017-10-23 00:00:00-04:00,32.52,337.06,156.2,968.71,98.76,99.36,33.175
2017-10-24 00:00:00-04:00,32.71,337.33,157.09,970.16,97.51,100.93,32.95
2017-10-25 00:00:00-04:00,32.9,325.76,156.41,973.52,97.78,101.04,32.0
2017-10-26 00:00:00-04:00,34.11,326.1,157.42,972.49,98.56,101.73,31.75
2017-10-27 00:00:00-04:00,35.2,320.8726,163.03,1019.25,97.53,101.76,32.9688
2017-10-30 00:00:00-04:00,35.75,320.035,166.72,1017.11,98.06,101.38,32.0
2017-10-31 00:00:00-04:00,37.19,331.52,169.05,1016.65,97.8,100.6,33.1
2017-11-01 00:00:00-04:00,36.47,321.1,166.87,1025.09,98.24,100.92,30.725
2017-11-02 00:00:00-04:00,36.08,299.24,168.07,1025.35,97.57,101.55,32.1
2017-11-03 00:00:00-04:00,36.89,306.09,172.48,1031.69,98.61,101.41,32.45
2017-11-06 00:00:00-05:00,37.19,302.7,174.32,1025.46,100.65,100.77,31.25
2017-11-07 00:00:00-05:00,36.77,306.03,174.79,1032.98,101.6,98.72,31.35
2017-11-08 00:00:00-05:00,36.71,304.31,176.24,1039.96,101.19,97.64,29.625
2017-11-09 00:00:00-05:00,37.97,302.98,175.87,1031.05,101.86,97.62,29.65
2017-11-10 00:00:00-05:00,39.2,302.92,174.66,1027.62,104.79,97.52,29.025
2017-11-13 00:00:00-05:00,39.99,315.4,173.98,1025.75,104.75,97.86,29.425
2017-11-14 00:00:00-05:00,39.75,308.7,171.34,1026.0,102.35,97.26,28.3
2017-11-15 00:00:00-05:00,40.66,311.25,169.09,1021.13,103.7,98.19,28.0
2017-11-16 00:00:00-05:00,41.89,312.5,171.1,1032.51,103.6,98.5,28.65
2017-11-17 00:00:00-05:00,44.18,314.97,170.11,1019.31,103.44,98.12,28.425
2017-11-20 00:00:00-05:00,45.22,308.72,169.99,1018.8,102.74,99.02,30.4
2017-11-21 00:00:00-05:00,48.07,317.8,173.13,1034.49,102.96,98.98,33.5
2017-11-22 00:00:00-05:00,48.81,312.63,174.94,1035.96,102.74,98.62,34.05
2017-11-24 00:00:00-05:00,48.86,315.54,174.96,1040.53,102.65,98.31,35.2
2017-11-27 00:00:00-05:00,41.0001,316.74,174.08,1054.36,102.78,97.931,36.75
2017-11-28 00:00:00-05:00,42.55,317.61,173.0,1047.41,102.58,101.37,36.75
2017-11-29 00:00:00-05:00,39.12,307.55,169.49,1021.35,104.4,103.73,35.55
2017-11-30 00:00:00-05:00,39.2099,308.95,171.75,1020.93,103.98,104.53,37.1
2017-12-01 00:00:00-05:00,38.22,306.53,171.0,1009.83,105.23,104.78,35.75
2017-12-04 00:00:00-05:00,36.86,305.23,169.76,998.9,110.23,106.94,33.6
2017-12-05 00:00:00-05:00,37.595,303.7,169.65,1005.15,107.11,105.71,32.75
2017-12-06 00:00:00-05:00,37.6148,313.27,169.05,1018.69,105.46,104.96,31.5
2017-12-07 00:00:00-05:00,38.7299,311.26,169.33,1031.01,105.29,104.63,33.75
2017-12-08 00:00:00-05:00,38.082,315.06,169.36,1036.95,104.23,105.93,33.55
2017-12-11 00:00:00-05:00,38.31,328.9,172.66,1041.11,106.81,105.6074,32.3
2017-12-12 00:00:00-05:00,38.08,340.94,171.73,1041.05,107.4,106.86,33.25
2017-12-13 00:00:00-05:00,36.215,339.03,172.31,1040.61,107.61,105.53,34.65
2017-12-14 00:00:00-05:00,37.02,337.88,172.22,1049.57,110.66,104.7,34.0
2017-12-15 00:00:00-05:00,37.02,343.43,173.88,1064.25,111.22,106.07,35.9
2017-12-18 00:00:00-05:00,37.76,338.81,176.43,1077.14,111.14,107.02,36.4
2017-12-19 00:00:00-05:00,36.91,330.99,174.53,1070.68,111.92,106.52,35.6
2017-12-20 00:00:00-05:00,35.66,328.903,174.36,1065.1,109.7,106.15,35.6
2017-12-21 00:00:00-05:00,35.87,331.6,175.01,1064.28,109.57,107.84,35.15
2017-12-22 00:00:00-05:00,35.13,325.19,175.05,1060.12,108.71,107.48,35.2
2017-12-26 00:00:00-05:00,35.05,317.29,170.57,1056.75,108.12,107.01,35.925
2017-12-27 00:00:00-05:00,35.74,311.63,170.58,1048.47,107.63,107.21,35.6
2017-12-28 00:00:00-05:00,35.11,315.36,171.07,1048.14,107.75,107.77,35.45
2017-12-29 00:00:00-05:00,34.67,311.4,169.3,1046.47,107.8,107.21,34.9
2018-01-02 00:00:00-05:00,36.1786,320.29,172.26,1064.9,111.8,108.0,36.2
2018-01-03 00:00:00-05:00,37.31,317.01,172.18,1082.0,112.26,108.04,36.9
2018-01-04 00:00:00-05:00,38.1,314.62,173.02,1086.4,112.23,109.05,37.15
2018-01-05 00:00:00-05:00,41.14,316.55,174.96,1101.86,111.58,108.26,37.45
2018-01-08 00:00:00-05:00,40.77,336.41,174.34,1106.41,110.0,108.48,36.05
2018-01-09 00:00:00-05:00,40.8764,333.69,174.33,1106.82,109.97,109.23,34.455
2018-01-10 00:00:00-05:00,40.84,334.72,174.245,1102.05,109.47,110.21,33.05
2018-01-11 00:00:00-05:00,42.29,337.93,175.27,1105.56,110.97,110.83,33.2
2018-01-12 00:00:00-05:00,41.25,336.22,177.0,1122.49,112.48,112.67,32.65
2018-01-16 00:00:00-05:00,39.32,340.04,176.2,1121.4,110.68,112.23,32.7
2018-01-17 00:00:00-05:00,40.07,347.1,179.1,1132.56,111.98,113.04,32.45
2018-01-18 00:00:00-05:00,40.26,344.51,179.27,1129.8,110.46,113.28,31.3
2018-01-19 00:00:00-05:00,42.54,349.965,178.45,1137.46,110.54,113.01,32.65
2018-01-22 00:00:00-05:00,45.3,351.6,177.01,1155.81,111.09,114.36,32.8
2018-01-23 00:00:00-05:00,45.02,352.8,176.96,1169.97,110.42,114.22,34.55
2018-01-24 00:00:00-05:00,44.325,345.92,174.22,1164.25,110.52,115.71,34.85
2018-01-25 00:00:00-05:00,45.12,337.55,171.1,1170.37,110.56,115.7,35.35
2018-01-26 00:00:00-05:00,45.97,342.7001,171.45,1175.59,112.19,116.13,36.475
2018-01-29 00:00:00-05:00,45.43,349.339,167.96,1174.68,111.51,116.17,36.1
2018-01-30 00:00:00-05:00,45.51,345.82,166.96,1164.21,110.12,115.12,36.35
2018-01-31 00:00:00-05:00,46.91,354.46,167.47,1171.72,108.71,115.69,37.4
2018-02-01 00:00:00-05:00,44.44,349.25,167.7,1167.0,110.49,116.87,37.05
2018-02-02 00:00:00-05:00,43.59,343.75,160.41,1111.96,108.6,114.225,35.3
2018-02-05 00:00:00-05:00,41.02,333.15,156.49,1054.66,104.65,108.63,33.9
2018-02-06 00:00:00-05:00,41.6,333.97,163.06,1081.44,106.17,112.11,34.7
2018-02-07 00:00:00-05:00,41.67,344.77,159.52,1048.77,104.7,112.87,34.15
2018-02-08 00:00:00-05:00,39.5,315.45,155.16,1001.54,101.27,107.9128,33.05
2018-02-09 00:00:00-05:00,39.56,310.42,156.22,1037.32,103.09,110.18,32.95
2018-02-12 00:00:00-05:00,39.9,315.71,162.75,1052.48,103.31,111.73,33.8
2018-02-13 00:00:00-05:00,42.12,323.5,164.3451,1051.99,104.1,112.47,34.1
2018-02-14 00:00:00-05:00,41.85,322.2229,167.36,1069.71,104.61,115.07,35.75
2018-02-15 00:00:00-05:00,44.29,334.12,173.0,1089.73,105.2,115.53,36.85
2018-02-16 00:00:00-05:00,44.106,335.49,172.45,1095.07,106.43,114.71,37.15
2018-02-20 00:00:00-05:00,44.93,334.76,171.85,1102.71,105.94,114.64,37.75
2018-02-21 00:00:00-05:00,44.09,333.38,171.01,1111.33,105.04,115.2,38.7
2018-02-22 00:00:00-05:00,44.9,346.32,172.61,1106.6,105.24,114.99,38.8
2018-02-23 00:00:00-05:00,44.86,352.04,175.56,1127.28,107.32,117.35,37.95
2018-02-26 00:00:00-05:00,46.56,357.35,178.98,1143.75,109.79,118.83,38.55
2018-02-27 00:00:00-05:00,45.94,350.97,178.34,1118.9,104.85,117.3795,37.35
2018-02-28 00:00:00-05:00,46.03,343.1,178.13,1105.09,103.14,115.37,40.075
2018-03-01 00:00:00-05:00,45.9901,330.93,174.95,1068.78,102.44,113.31,38.55
2018-03-02 00:00:00-05:00,46.02,335.12,176.28,1078.92,102.95,113.26,42.0
2018-03-05 00:00:00-05:00,50.425,333.3,176.83,1090.92,103.43,115.08,41.9
2018-03-06 00:00:00-05:00,49.61,328.22,176.68,1095.05,104.92,115.17,43.45
2018-03-07 00:00:00-05:00,50.71,332.32,175.02,1110.01,103.61,114.765,44.1
2018-03-08 00:00:00-05:00,52.24,328.92,176.95,1126.13,104.05,114.74,43.05
2018-03-09 00:00:00-05:00,52.49,327.22,179.96,1160.8,104.71,118.0,43.2
2018-03-12 00:00:00-04:00,53.195,345.41,181.73,1164.35,105.15,117.67,43.2
2018-03-13 00:00:00-04:00,51.83,341.84,179.95,1137.76,103.73,116.21,42.85
2018-03-14 00:00:00-04:00,54.5999,326.65,178.485,1149.22,103.91,115.01,42.975
2018-03-15 00:00:00-04:00,54.84,325.6,178.65,1149.57,103.25,115.24,42.5
2018-03-16 00:00:00-04:00,54.8999,321.3,177.89,1136.15,102.85,115.38,41.25
2018-03-19 00:00:00-04:00,54.57,313.57,175.32,1100.15,101.45,114.57,41.55
2018-03-20 00:00:00-04:00,57.74,310.55,175.25,1097.57,101.33,114.69,41.825
2018-03-21 00:00:00-04:00,57.085,316.53,171.27,1089.89,101.8,114.74,43.1
2018-03-22 00:00:00-04:00,55.1565,309.0766,168.75,1048.71,100.56,109.93,42.675
2018-03-23 00:00:00-04:00,51.66,301.55,164.96,1021.47,98.52,106.99,42.35
2018-03-26 00:00:00-04:00,53.55,304.15,172.76,1053.21,100.66,110.31,43.6
2018-03-27 00:00:00-04:00,51.06,279.22,168.35,1005.0,99.36,108.21,41.15
2018-03-28 00:00:00-04:00,47.389,257.79,166.48,1005.19,98.53,107.97,39.125
2018-03-29 00:00:00-04:00,49.19,266.14,167.91,1031.78,100.43,109.94,40.3
2018-04-02 00:00:00-04:00,47.68,252.52,166.68,1005.98,98.59,107.77,38.5
2018-04-03 00:00:00-04:00,47.59,267.53,168.39,1013.98,99.4,109.32,40.0
2018-04-04 00:00:00-04:00,47.67,286.97,171.58,1024.44,100.95,110.94,40.7
2018-04-05 00:00:00-04:00,48.03,305.71,172.78,1027.2,102.1,111.75,41.45
2018-04-06 00:00:00-04:00,45.86,299.58,168.35,1006.36,100.34,109.03,39.15
2018-04-09 00:00:00-04:00,45.89,289.7105,170.06,1015.57,99.74,110.43,38.75
2018-04-10 00:00:00-04:00,47.79,304.7,173.25,1031.66,101.36,112.51,39.75
2018-04-11 00:00:00-04:00,47.75,301.02,172.44,1020.06,100.79,110.64,40.1
2018-04-12 00:00:00-04:00,49.68,294.06,174.16,1032.51,100.33,113.38,41.45
2018-04-13 00:00:00-04:00,47.51,300.3,174.73,1029.28,100.37,110.3,41.15
2018-04-16 00:00:00-04:00,47.05,291.26,175.82,1037.65,100.21,110.21,41.65
2018-04-17 00:00:00-04:00,49.12,287.69,178.24,1074.08,102.18,110.2,42.475
2018-04-18 00:00:00-04:00,51.37,293.35,177.84,1071.94,101.21,109.31,42.65
2018-04-19 00:00:00-04:00,50.63,300.09,172.8,1087.48,100.87,111.71,43.05
2018-04-20 00:00:00-04:00,51.47,290.24,165.72,1073.39,100.23,111.47,42.75
2018-04-23 00:00:00-04:00,50.35,283.34,165.25,1067.65,100.16,110.94,42.5
2018-04-24 00:00:00-04:00,46.0,283.69,162.94,1019.97,99.45,110.37,41.15
2018-04-25 00:00:00-04:00,44.75,280.79,163.7716,1021.33,101.13,109.93,40.75
2018-04-26 00:00:00-04:00,46.74,285.49,164.22,1039.85,99.85,110.11,42.15
2018-04-27 00:00:00-04:00,47.57,294.1499,162.33,1029.97,99.21,109.41,42.95
2018-04-30 00:00:00-04:00,47.34,293.9,165.26,1017.32,100.34,108.79,42.95
2018-05-01 00:00:00-04:00,48.19,299.32,169.0,1038.03,100.01,108.78,42.6
2018-05-02 00:00:00-04:00,48.68,301.22,176.62,1024.37,99.63,107.91,45.5
2018-05-03 00:00:00-04:00,49.21,284.44,176.91,1023.5,98.7,107.24,41.7
2018-05-04 00:00:00-04:00,49.1,293.98,183.83,1048.31,101.12,108.44,42.3
2018-05-07 00:00:00-04:00,51.11,302.75,185.1,1054.22,102.4685,109.35,44.3
2018-05-08 00:00:00-04:00,53.3241,302.0,186.04,1053.91,101.81,110.99,45.3
2018-05-09 00:00:00-04:00,54.26,306.9042,187.24,1083.43,99.9985,113.41,46.65
2018-05-10 00:00:00-04:00,54.66,304.95,190.03,1097.55,101.675,114.27,46.95
2018-05-11 00:00:00-04:00,54.75,301.03,188.59,1098.26,102.1,113.89,47.85
2018-05-14 00:00:00-04:00,54.28,291.89,188.17,1100.58,102.58,113.92,48.5
2018-05-15 00:00:00-04:00,54.66,284.25,186.44,1079.26,102.9,113.01,49.05
2018-05-16 00:00:00-04:00,56.61,286.47,188.19,1081.91,105.02,113.37,49.45
2018-05-17 00:00:00-04:00,54.82,284.46,186.99,1078.46,104.34,112.96,48.65
2018-05-18 00:00:00-04:00,55.03,276.89,186.29,1066.6,103.94,111.15,49.4
2018-05-21 00:00:00-04:00,56.38,284.47,187.61,1079.58,104.05,112.11,49.9
2018-05-22 00:00:00-04:00,54.6,275.01,187.31,1069.7,104.07,113.05,49.65
2018-05-23 00:00:00-04:00,55.08,279.06,188.45,1079.96,102.9,112.48,49.9
2018-05-24 00:00:00-04:00,55.54,277.85,188.21,1079.76,102.1,111.23,50.6
2018-05-25 00:00:00-04:00,55.76,278.8707,188.58,1075.29,102.19,110.64,50.7
2018-05-29 00:00:00-04:00,56.92,283.68,187.86,1059.63,99.72,105.94,50.85
2018-05-30 00:00:00-04:00,57.91,291.81,187.5,1067.44,99.97,108.34,51.25
2018-05-31 00:00:00-04:00,58.25,284.72,186.88,1085.0,99.44,107.02,50.9
2018-06-01 00:00:00-04:00,59.41,291.7284,190.23,1119.5,99.34,108.38,50.75
2018-06-04 00:00:00-04:00,61.2,296.67,191.81,1139.29,100.23,108.42,51.9
2018-06-05 00:00:00-04:00,61.56,291.13,193.31,1139.25,99.96,107.88,53.75
2018-06-06 00:00:00-04:00,62.71,319.44,194.05,1136.88,101.89,110.36,54.3
2018-06-07 00:00:00-04:00,60.66,316.02,193.48,1123.91,102.47,110.765,53.0
2018-06-08 00:00:00-04:00,61.78,317.66,191.48,1121.13,103.96,111.09,53.6
2018-06-11 00:00:00-04:00,61.28,332.11,191.26,1130.05,104.36,110.86,54.7
2018-06-12 00:00:00-04:00,63.2,342.73,192.25,1139.28,104.31,110.17,56.7
2018-06-13 00:00:00-04:00,62.48,344.76,190.71,1134.44,106.31,110.02,59.0
2018-06-14 00:00:00-04:00,63.88,357.72,190.81,1152.0,108.7551,108.04,60.6
2018-06-15 00:00:00-04:00,64.54,358.12,188.92,1152.26,108.91,107.86,60.85
2018-06-18 00:00:00-04:00,66.19,370.83,188.76,1173.47,107.06,108.19,62.15
2018-06-19 00:00:00-04:00,65.94,352.58,185.77,1168.08,106.18,107.6,60.45
2018-06-20 00:00:00-04:00,67.58,361.85,186.5,1169.38,107.28,107.55,62.4
2018-06-21 00:00:00-04:00,67.1,347.5,185.47,1157.88,105.89,107.52,61.45
2018-06-22 00:00:00-04:00,65.74,333.63,184.92,1154.67,106.38,105.73,61.55
2018-06-25 00:00:00-04:00,61.91,333.19,182.18,1125.33,104.47,104.78,59.55
2018-06-26 00:00:00-04:00,62.5401,342.0,184.44,1118.46,104.2,104.83,59.65
2018-06-27 00:00:00-04:00,60.07,344.55,184.165,1104.18,103.99,103.25,55.7
2018-06-28 00:00:00-04:00,61.53,349.98,185.51,1114.23,104.77,104.94,57.7
2018-06-29 00:00:00-04:00,61.65,342.89,182.91,1115.88,104.91,104.33,58.05
2018-07-02 00:00:00-04:00,63.13,335.07,187.15,1126.79,105.27,105.04,59.4229
2018-07-03 00:00:00-04:00,61.73,310.9247,183.64,1102.09,104.12,103.82,59.85
2018-07-05 00:00:00-04:00,64.16,309.11,185.38,1123.69,105.34,103.78,62.85
2018-07-06 00:00:00-04:00,66.29,308.91,187.98,1140.58,104.79,104.05,63.3
2018-07-09 00:00:00-04:00,66.4743,318.29,190.61,1154.19,106.035,107.29,65.2
2018-07-10 00:00:00-04:00,64.76,322.37,190.35,1152.98,106.04,106.63,62.25
2018-07-11 00:00:00-04:00,65.32,318.9,187.93,1153.71,108.07,106.42,62.75
2018-07-12 00:00:00-04:00,67.2601,316.72,191.04,1183.48,108.26,106.81,65.5
2018-07-13 00:00:00-04:00,66.99,318.8,191.33,1189.43,109.99,106.33,66.15
2018-07-16 00:00:00-04:00,66.9479,310.19,190.92,1183.76,110.2,110.54,67.05
2018-07-17 00:00:00-04:00,68.32,322.67,191.47,1198.56,110.32,110.51,68.3
2018-07-18 00:00:00-04:00,68.3,324.0,190.4,1195.93,110.71,111.52,69.15
2018-07-19 00:00:00-04:00,70.33,320.23,191.97,1187.13,112.14,109.87,70.45
2018-07-20 00:00:00-04:00,70.41,313.57,191.67,1184.6,111.47,111.29,68.5
2018-07-23 00:00:00-04:00,71.6,303.2,191.6,1205.33,111.09,113.35,69.55
2018-07-24 00:00:00-04:00,69.36,297.42,192.99,1248.07,110.69,114.15,63.7
2018-07-25 00:00:00-04:00,72.52,308.73,194.82,1263.42,111.18,115.16,66.85
2018-07-26 00:00:00-04:00,72.0,306.35,194.23,1268.61,113.54,114.84,65.9
2018-07-27 00:00:00-04:00,69.85,297.19,190.98,1238.58,112.61,116.04,63.85
2018-07-30 00:00:00-04:00,65.62,290.18,189.94,1219.87,112.62,116.74,61.05
2018-07-31 00:00:00-04:00,64.65,298.15,190.58,1217.71,113.54,114.91,59.85
2018-08-01 00:00:00-04:00,66.87,301.489,201.62,1219.1,112.89,115.65,61.85
2018-08-02 00:00:00-04:00,72.66,349.3898,207.38,1226.08,112.76,116.16,65.25
2018-08-03 00:00:00-04:00,68.35,348.3,207.98,1223.71,114.07,117.06,62.45
2018-08-06 00:00:00-04:00,70.91,342.0,209.06,1224.31,116.0,117.11,65.95
2018-08-07 00:00:00-04:00,71.01,379.58,207.11,1242.62,116.58,117.54,66.75
2018-08-08 00:00:00-04:00,70.8,370.38,207.25,1244.67,113.98,117.79,69.4
2018-08-09 00:00:00-04:00,69.386,352.26,208.89,1249.26,114.17,116.88,68.95
2018-08-10 00:00:00-04:00,70.59,355.529,207.55,1237.4,112.69,115.68,71.85
2018-08-13 00:00:00-04:00,72.37,356.41,208.86,1235.25,112.11,113.88,69.45
2018-08-14 00:00:00-04:00,74.96,347.64,209.76,1241.63,112.75,114.69,71.7
2018-08-15 00:00:00-04:00,72.24,338.76,210.3,1214.44,112.91,113.68,70.75
2018-08-16 00:00:00-04:00,72.77,335.45,213.48,1206.49,112.47,114.78,72.6
2018-08-17 00:00:00-04:00,72.88,305.51,217.61,1200.5,112.46,114.77,73.95
2018-08-20 00:00:00-04:00,74.26,308.44,215.45,1207.55,112.0,114.62,75.35
2018-08-21 00:00:00-04:00,75.18,321.9,215.06,1201.14,112.37,115.27,74.85
2018-08-22 00:00:00-04:00,76.43,321.52,215.06,1207.79,111.95,114.97,75.7
2018-08-23 00:00:00-04:00,77.14,320.11,215.58,1205.1,111.99,114.72,75.75
2018-08-24 00:00:00-04:00,78.18,322.81,216.14,1221.22,111.93,114.66,75.7
2018-08-27 00:00:00-04:00,78.25,319.54,217.99,1242.07,112.35,116.7,74.0
2018-08-28 00:00:00-04:00,80.7873,311.85,219.71,1231.53,112.63,116.14,74.5
2018-08-29 00:00:00-04:00,85.71,304.88,222.98,1249.0,112.45,115.77,74.05
2018-08-30 00:00:00-04:00,87.77,303.135,225.07,1238.98,111.93,115.18,75.9
2018-08-31 00:00:00-04:00,88.6299,301.65,227.51,1218.19,111.93,114.51,77.55
2018-09-04 00:00:00-04:00,91.25,288.99,228.36,1197.12,110.86,115.15,79.1
2018-09-05 00:00:00-04:00,87.18,280.6987,226.87,1186.82,109.88,114.56,77.3
2018-09-06 00:00:00-04:00,88.54,281.0095,223.12,1171.46,110.28,114.09,76.45
2018-09-07 00:00:00-04:00,89.96,263.24,221.42,1165.36,110.99,114.32,77.05
2018-09-10 00:00:00-04:00,89.39,285.46,218.3402,1164.51,110.64,113.73,77.175
2018-09-11 00:00:00-04:00,92.28,279.43,223.86,1177.56,109.6,114.42,78.15
2018-09-12 00:00:00-04:00,90.44,290.56,221.06,1162.73,109.43,113.04,76.95
2018-09-13 00:00:00-04:00,90.21,289.42,226.4,1175.33,110.65,113.58,77.75
2018-09-14 00:00:00-04:00,90.81,295.11,223.64,1172.38,109.24,113.52,77.3
2018-09-17 00:00:00-04:00,86.86,294.79,217.89,1156.05,109.36,113.87,74.6
2018-09-18 00:00:00-04:00,87.97,284.93,218.24,1161.19,109.57,114.35,76.95
2018-09-19 00:00:00-04:00,84.82,299.04,218.34,1170.91,109.87,117.64,75.4
2018-09-20 00:00:00-04:00,86.52,298.32,220.04,1186.86,111.62,118.64,75.45
2018-09-21 00:00:00-04:00,85.31,299.01,217.655,1166.07,110.73,117.85,78.1
2018-09-24 00:00:00-04:00,86.05,299.73,220.79,1173.11,112.75,116.71,78.5
2018-09-25 00:00:00-04:00,95.363,301.05,222.19,1184.62,113.75,116.39,80.75
2018-09-26 00:00:00-04:00,94.66,309.5664,220.51,1180.88,115.31,115.04,78.55
2018-09-27 00:00:00-04:00,97.95,307.46,225.09,1194.94,116.05,114.53,82.5
2018-09-28 00:00:00-04:00,99.0,264.72,225.76,1194.53,116.92,112.83,86.4
2018-10-01 00:00:00-04:00,97.27,310.3446,227.27,1194.12,116.24,113.53,83.73
2018-10-02 00:00:00-04:00,97.8323,300.9,229.29,1200.11,117.65,113.98,80.37
2018-10-03 00:00:00-04:00,96.94,295.03,232.1,1202.96,116.9,115.06,79.9
2018-10-04 00:00:00-04:00,94.48,281.84,227.99,1167.9,116.09,115.28,78.08
2018-10-05 00:00:00-04:00,94.1001,261.99,224.26,1157.46,114.87,114.63,75.83
2018-10-08 00:00:00-04:00,86.05,250.54,223.76,1148.5,116.05,115.33,70.99
2018-10-09 00:00:00-04:00,86.127,262.81,226.87,1139.27,116.91,114.55,69.25
2018-10-10 00:00:00-04:00,77.445,256.89,216.39,1082.61,112.97,111.65,63.44
2018-10-11 00:00:00-04:00,69.0207,252.33,214.45,1079.3,111.14,108.08,62.44
2018-10-12 00:00:00-04:00,73.97,259.15,222.11,1110.07,112.6,106.89,65.92
2018-10-15 00:00:00-04:00,73.76,259.56,217.28,1091.59,113.45,106.35,66.37
2018-10-16 00:00:00-04:00,78.76,276.54,222.13,1120.02,116.19,108.63,70.86
2018-10-17 00:00:00-04:00,78.05,271.8,221.2,1116.32,117.09,109.9,69.93
2018-10-18 00:00:00-04:00,74.97,263.95,216.12,1088.24,116.24,108.12,68.22
2018-10-19 00:00:00-04:00,74.08,260.04,219.3,1096.07,118.77,107.93,67.1
2018-10-22 00:00:00-04:00,75.72,260.94,220.59,1101.16,118.22,106.34,69.19
2018-10-23 00:00:00-04:00,74.15,294.26,222.9,1103.85,117.83,105.25,67.18
2018-10-24 00:00:00-04:00,69.34,288.84,215.06,1050.275,111.55,103.28,62.15
2018-10-25 00:00:00-04:00,73.49,314.81,219.85,1097.18,114.17,104.89,65.96
2018-10-26 00:00:00-04:00,71.12,330.63,216.03,1072.11,113.095,103.39,62.52
2018-10-29 00:00:00-04:00,67.28,336.79,212.55,1021.65,113.14,104.86,63.22
2018-10-30 00:00:00-04:00,68.77,329.81,213.33,1037.0,114.745,106.73,67.21
2018-10-31 00:00:00-04:00,73.45,337.28,218.75,1076.3,114.82,109.07,69.34
2018-11-01 00:00:00-04:00,76.74,344.12,222.05,1070.0,116.08,108.95,69.51
2018-11-02 00:00:00-04:00,77.8,346.45,206.14,1057.8,115.15,108.31,72.51
2018-11-05 00:00:00-05:00,74.99,341.27,201.59,1041.03,115.41,109.07,63.37
2018-11-06 00:00:00-05:00,77.32,341.06,203.78,1055.83,116.67,109.58,63.42
2018-11-07 00:00:00-05:00,82.7154,348.027,209.91,1094.2,117.03,111.49,68.26
2018-11-08 00:00:00-05:00,75.23,351.29,208.49,1082.77,116.0,112.36,65.33
2018-11-09 00:00:00-05:00,73.2601,350.53,204.47,1065.7,118.0,111.25,62.5
2018-11-12 00:00:00-05:00,69.8374,331.15,194.2,1039.16,116.76,108.98,60.56
2018-11-13 00:00:00-05:00,71.79,338.61,192.23,1035.37,116.85,109.59,58.51
2018-11-14 00:00:00-05:00,69.83,344.15,186.76,1044.38,117.12,107.37,57.4
2018-11-15 00:00:00-05:00,73.61,348.41,191.5,1065.21,117.16,110.07,60.27
2018-11-16 00:00:00-05:00,70.57,354.29,193.58,1062.09,116.21,110.03,59.07
2018-11-19 00:00:00-05:00,62.9601,353.4801,185.85,1019.94,115.4,110.84,52.9
2018-11-20 00:00:00-05:00,61.7499,347.73,177.01,1025.76,111.83,108.46,54.76
2018-11-21 00:00:00-05:00,62.63,338.16,176.82,1037.59,113.05,107.67,54.97
2018-11-23 00:00:00-05:00,63.49,326.0,172.25,1023.95,112.06,106.62,55.82
2018-11-26 00:00:00-05:00,66.54,345.94,174.58,1049.3,112.56,109.27,58.43
2018-11-27 00:00:00-05:00,65.84,343.91,174.245,1043.98,113.84,109.73,59.38
2018-11-28 00:00:00-05:00,69.8927,347.87,180.96,1086.84,116.18,110.97,63.53
2018-11-29 00:00:00-05:00,69.8703,341.17,179.55,1088.18,116.6,110.05,64.09
2018-11-30 00:00:00-05:00,69.8,350.39,178.6,1095.52,115.44,110.93,62.44
2018-12-03 00:00:00-05:00,71.9,358.64,184.93,1106.5,115.72,112.25,64.93
2018-12-04 00:00:00-05:00,63.49,359.5934,176.67,1051.13,112.92,107.31,59.82
2018-12-06 00:00:00-05:00,65.689,363.06,174.77,1069.35,114.32,105.16,55.8
2018-12-07 00:00:00-05:00,60.77,357.8701,168.38,1036.6,111.98,103.3,53.41
2018-12-10 00:00:00-05:00,63.42,365.14,169.61,1039.08,111.84,101.33,52.32
2018-12-11 00:00:00-05:00,61.7751,366.69,168.67,1051.3,111.97,100.39,53.49
2018-12-12 00:00:00-05:00,63.6709,366.72,169.04,1064.44,112.22,101.06,53.7
2018-12-13 00:00:00-05:00,62.87,376.89,170.82,1062.17,113.36,101.08,52.46
2018-12-14 00:00:00-05:00,62.13,365.61,165.4,1041.38,112.2,100.32,51.17
2018-12-17 00:00:00-05:00,58.62,348.29,163.97,1017.1,110.58,99.03,47.89
2018-12-18 00:00:00-05:00,59.88,336.83,165.87,1028.5,109.41,98.53,47.95
2018-12-19 00:00:00-05:00,59.03,332.98,160.76,1021.75,109.24,97.31,48.6
2018-12-20 00:00:00-05:00,55.8949,315.315,156.84,1009.68,106.99,96.37,45.87
2018-12-21 00:00:00-05:00,52.59,319.91,150.85,979.97,104.24,94.1,44.02
2018-12-24 00:00:00-05:00,50.71,295.69,146.62,975.0,100.48,92.22,42.91
2018-12-26 00:00:00-05:00,55.34,326.08,157.18,1039.19,105.84,95.93,48.32
2018-12-27 00:00:00-05:00,56.13,315.9188,156.12,1043.89,106.55,97.05,48.33
2018-12-28 00:00:00-05:00,55.669,333.86,156.07,1036.2,107.26,96.7828,48.525
2018-12-31 00:00:00-05:00,55.75,331.4531,156.7,1029.11,109.225,97.1097,49.45
2019-01-02 00:00:00-05:00,57.13,309.8699,157.5225,1044.61,108.7699,99.1999,48.1
2019-01-03 00:00:00-05:00,52.4711,300.31,142.29,1017.7,106.345,97.32,46.34
2019-01-04 00:00:00-05:00,58.0215,317.54,148.12,1068.36,109.505,100.66,49.43
2019-01-07 00:00:00-05:00,60.62,334.986,147.91,1068.0,110.59,100.86,52.11
2019-01-08 00:00:00-05:00,63.05,335.49,150.63,1076.12,111.56,100.49,53.83
2019-01-09 00:00:00-05:00,65.99,338.52,153.37,1075.66,112.6,100.28,55.02
2019-01-10 00:00:00-05:00,66.04,344.91,153.55,1069.86,112.7799,100.38,55.555
2019-01-11 00:00:00-05:00,66.17,347.35,152.0534,1055.54,112.475,100.0,55.45
2019-01-14 00:00:00-05:00,65.18,334.7,149.76,1045.1138,112.33,100.94,57.14
2019-01-15 00:00:00-05:00,65.7384,344.345,152.95,1076.51,111.66,101.61,59.15
2019-01-16 00:00:00-05:00,65.78,345.89,154.91,1079.71,110.83,102.55,60.435
2019-01-17 00:00:00-05:00,68.8075,347.15,155.53,1088.82,110.965,102.93,63.17
2019-01-18 00:00:00-05:00,72.18,302.22,156.57,1096.66,110.9891,104.38,62.24
2019-01-22 00:00:00-05:00,67.57,298.18,152.93,1066.92,110.25,102.55,60.29
2019-01-23 00:00:00-05:00,69.0,287.18,153.6799,1074.12,110.9508,102.61,60.1
2019-01-24 00:00:00-05:00,73.8399,291.855,152.63,1074.69,110.4299,102.71,61.08
2019-01-25 00:00:00-05:00,77.985,297.0,157.5,1089.65,110.98,103.29,62.95
2019-01-28 00:00:00-05:00,76.35,296.38,156.0878,1069.56,110.685,103.785,61.99
2019-01-29 00:00:00-05:00,68.5326,297.18,154.5,1060.545,110.84,104.06,60.7877
2019-01-30 00:00:00-05:00,71.45,308.705,165.49,1089.35,109.865,104.21,62.01
2019-01-31 00:00:00-05:00,71.47,307.0679,166.6249,1115.7,111.37,103.66,64.15
2019-02-01 00:00:00-05:00,70.935,312.1801,166.62,1110.37,111.21,103.75,63.245
2019-02-04 00:00:00-05:00,71.8299,312.465,170.99,1131.1,111.75,104.19,64.42
2019-02-05 00:00:00-05:00,72.4872,321.37,174.01,1145.8734,112.64,103.68,63.82
2019-02-06 00:00:00-05:00,72.69,317.77,174.1699,1116.7799,111.4283,103.735,63.96
2019-02-07 00:00:00-05:00,71.995,307.5999,170.64,1097.0,110.7516,102.235,62.13
2019-02-08 00:00:00-05:00,73.4,305.34,170.04,1093.85,111.36,101.1699,62.535
2019-02-11 00:00:00-05:00,74.35,313.02,169.43,1095.38,109.38,100.9,63.54
2019-02-12 00:00:00-05:00,75.56,311.99,170.7384,1120.78,109.2,102.545,65.79
2019-02-13 00:00:00-05:00,75.595,308.34,169.98,1119.02,110.16,103.055,66.73
2019-02-14 00:00:00-05:00,75.72,303.98,170.98,1121.85,110.7,102.54,66.65
2019-02-15 00:00:00-05:00,75.62,307.8181,170.25,1113.02,112.525,105.54,69.415
2019-02-19 00:00:00-05:00,76.6101,305.59,170.8499,1117.57,113.495,105.16,69.99
2019-02-20 00:00:00-05:00,75.95,302.53,172.09,1114.43,113.74,105.73,69.51
2019-02-21 00:00:00-05:00,74.43,291.24,171.14,1097.12,114.3,105.48,68.26
2019-02-22 00:00:00-05:00,76.07,294.69,172.97,1110.85,115.25,105.0,69.17
2019-02-25 00:00:00-05:00,77.12,298.7,174.26,1108.97,113.59,106.08,69.97
2019-02-26 00:00:00-05:00,77.94,297.81,174.35,1114.63,113.53,105.27,67.4
2019-02-27 00:00:00-05:00,79.346,314.795,174.88,1116.25,112.78,105.16,68.99
2019-02-28 00:00:00-05:00,81.24,319.81,173.2,1120.65,112.84,104.35,64.35
2019-03-01 00:00:00-05:00,77.4762,294.66,174.97,1141.4,114.03,104.42,67.55
2019-03-04 00:00:00-05:00,74.68,285.3,175.86,1148.27,114.34,104.24,63.13
2019-03-05 00:00:00-05:00,76.03,276.64,175.51,1161.62,113.98,104.13,63.73
2019-03-06 00:00:00-05:00,75.1,276.23,174.51,1157.96,114.86,103.74,60.17
2019-03-07 00:00:00-05:00,74.09,276.6,172.47,1143.53,113.99,102.96,59.33
2019-03-08 00:00:00-05:00,74.4,284.13,172.92,1142.74,113.8,103.03,58.92
2019-03-11 00:00:00-04:00,75.525,290.86,178.98,1175.81,114.73,104.35,58.76
2019-03-12 00:00:00-04:00,76.8,283.37,180.94,1192.72,114.76,104.06,58.07
2019-03-13 00:00:00-04:00,77.84,288.91,181.72,1193.31,114.09,104.39,60.17
2019-03-14 00:00:00-04:00,77.39,289.96,183.73,1185.29,114.45,105.36,60.94
2019-03-15 00:00:00-04:00,76.6299,275.5492,186.21,1185.24,114.975,106.53,62.83
2019-03-18 00:00:00-04:00,75.23,269.52,188.03,1184.45,113.12,107.22,63.095
2019-03-19 00:00:00-04:00,76.82,267.38,186.54,1200.0,110.06,106.83,63.12
2019-03-20 00:00:00-04:00,75.25,273.5,188.17,1224.01,109.94,104.53,61.97
2019-03-21 00:00:00-04:00,78.54,274.045,195.05,1231.79,108.66,102.86,63.27
2019-03-22 00:00:00-04:00,75.13,264.64,191.06,1205.92,108.25,99.76,58.7699
2019-03-25 00:00:00-04:00,74.53,260.49,188.77,1192.41,107.79,98.93,55.65
2019-03-26 00:00:00-04:00,73.93,267.7602,186.79,1184.85,110.15,99.93,52.53
2019-03-27 00:00:00-04:00,72.96,274.9,188.47,1173.07,110.29,99.58,50.88
2019-03-28 00:00:00-04:00,74.27,278.58,188.71,1168.49,110.71,100.7,53.68
2019-03-29 00:00:00-04:00,74.93,279.75,189.94,1173.105,111.04,101.26,55.62
2019-04-01 00:00:00-04:00,76.32,289.18,191.24,1194.15,112.51,104.61,53.61
2019-04-02 00:00:00-04:00,75.6,285.85,194.04,1200.765,111.96,105.14,55.52
2019-04-03 00:00:00-04:00,77.07,291.76,195.35,1205.33,112.53,105.34,55.46
2019-04-04 00:00:00-04:00,74.57,267.8,195.72,1214.68,114.73,105.56,57.01
2019-04-05 00:00:00-04:00,75.06,274.96,196.97,1207.14,114.97,105.29,58.49
2019-04-08 00:00:00-04:00,75.01,273.15,200.08,1203.84,114.97,105.64,57.08
2019-04-09 00:00:00-04:00,74.62,272.4,199.5,1198.11,116.9,104.92,55.95
2019-04-10 00:00:00-04:00,74.74,276.05,200.66,1202.16,117.15,105.42,56.58
2019-04-11 00:00:00-04:00,75.49,268.4498,198.95,1205.03,116.63,106.24,55.13
2019-04-12 00:00:00-04:00,75.29,267.68,198.88,1217.87,130.0422,111.18,53.46
2019-04-15 00:00:00-04:00,74.385,266.38,199.23,1221.63,132.0519,109.92,54.03
2019-04-16 00:00:00-04:00,73.5,273.31,199.25,1227.47,129.9,111.11,52.55
2019-04-17 00:00:00-04:00,72.74,271.219,203.12,1236.52,131.76,114.3,49.88
2019-04-18 00:00:00-04:00,70.71,273.26,203.86,1236.81,132.45,113.45,51.61
2019-04-22 00:00:00-04:00,72.59,262.8943,204.64,1249.09,131.67,113.62,54.91
2019-04-23 00:00:00-04:00,72.46,263.98,207.51,1264.32,133.32,113.74,54.4
2019-04-24 00:00:00-04:00,72.01,258.6906,207.18,1255.45,135.13,113.56,54.46
2019-04-25 00:00:00-04:00,72.66,247.573,205.24,1262.98,137.2701,113.62,55.02
2019-04-26 00:00:00-04:00,71.51,235.04,204.29,1271.76,139.91,114.44,57.76
2019-04-29 00:00:00-04:00,72.7,241.4375,204.61,1287.86,139.3,116.12,59.19
2019-04-30 00:00:00-04:00,72.82,238.69,200.57,1188.47,136.91,116.02,56.98
2019-05-01 00:00:00-04:00,73.67,234.01,210.52,1167.92,136.32,115.13,57.98
2019-05-02 00:00:00-04:00,67.73,244.08,209.17,1162.48,134.19,115.45,58.0
2019-05-03 00:00:00-04:00,68.52,255.04,211.78,1185.56,134.28,116.08,60.93
2019-05-06 00:00:00-04:00,70.21,255.335,208.6,1189.51,135.05,115.1,62.55
2019-05-07 00:00:00-04:00,68.41,247.06,202.86,1174.62,133.47,113.17,61.73
2019-05-08 00:00:00-04:00,67.28,244.76,202.9,1165.74,134.88,112.63,61.55
2019-05-09 00:00:00-04:00,66.38,241.98,200.72,1162.61,133.56,112.5,61.49
2019-05-10 00:00:00-04:00,65.99,239.51,197.3,1164.54,134.06,112.56,60.99
2019-05-13 00:00:00-04:00,62.38,227.01,185.72,1132.2,131.33,109.43,58.06
2019-05-14 00:00:00-04:00,64.12,232.12,188.65,1120.33,133.23,110.34,58.53
2019-05-15 00:00:00-04:00,65.2,231.92,190.92,1164.15,134.73,109.95,59.09
2019-05-16 00:00:00-04:00,66.41,228.245,190.14,1178.98,135.53,111.34,61.48
2019-05-17 00:00:00-04:00,65.3,211.0731,188.98,1162.3,135.0425,110.73,59.42
2019-05-20 00:00:00-04:00,64.38,205.34,183.09,1138.85,133.9,111.32,60.61
2019-05-21 00:00:00-04:00,65.94,204.97,186.59,1149.63,134.1,111.76,63.2
2019-05-22 00:00:00-04:00,66.4472,192.69,182.79,1151.42,133.86,110.79,62.99
2019-05-23 00:00:00-04:00,63.75,195.48,179.67,1140.57,132.76,108.63,59.87
2019-05-24 00:00:00-04:00,64.66,190.7257,179.06,1134.0,132.82,109.78,61.22
2019-05-28 00:00:00-04:00,65.84,188.72,178.17,1133.18,132.63,108.44,61.19
2019-05-29 00:00:00-04:00,63.23,189.89,177.35,1116.52,131.55,108.16,57.99
2019-05-30 00:00:00-04:00,63.65,188.18,178.25,1117.79,132.19,107.08,58.08
2019-05-31 00:00:00-04:00,61.95,185.48,175.0,1103.85,132.04,105.94,58.12
2019-06-03 00:00:00-04:00,60.63,179.01,173.28,1036.37,132.39,106.39,53.97
2019-06-04 00:00:00-04:00,63.3997,193.91,179.67,1053.03,134.83,109.75,55.74
2019-06-05 00:00:00-04:00,64.93,196.677,182.541,1042.6538,135.92,110.14,55.13
2019-06-06 00:00:00-04:00,65.79,206.08,185.23,1044.6,137.24,110.4,54.24
2019-06-07 00:00:00-04:00,68.45,204.39,190.14,1066.03,138.01,109.13,55.65
2019-06-10 00:00:00-04:00,70.37,212.88,192.52,1080.38,137.05,110.31,57.47
2019-06-11 00:00:00-04:00,70.17,217.1,194.81,1078.58,135.09,110.69,58.07
2019-06-12 00:00:00-04:00,70.49,209.2173,194.19,1077.33,135.77,109.27,57.73
2019-06-13 00:00:00-04:00,72.18,213.89,194.74,1088.79,141.72,109.6,59.28
2019-06-14 00:00:00-04:00,71.58,214.92,192.745,1085.35,141.65,109.83,58.62
2019-06-17 00:00:00-04:00,72.24,225.03,193.95,1092.51,140.95,109.22,60.03
2019-06-18 00:00:00-04:00,71.8346,224.74,198.5,1103.5,139.255,110.77,60.91
2019-06-19 00:00:00-04:00,72.65,226.33,197.86,1102.58,140.89,109.87,61.6
2019-06-20 00:00:00-04:00,74.42,219.59,199.3794,1110.95,141.99,110.18,62.77
2019-06-21 00:00:00-04:00,72.9,221.89,198.8,1122.42,140.26,109.66,63.47
2019-06-24 00:00:00-04:00,72.705,223.64,198.55,1115.83,139.21,108.665,62.7574
2019-06-25 00:00:00-04:00,69.86,219.77,195.57,1086.34,139.91,107.78,60.73
2019-06-26 00:00:00-04:00,69.96,219.18,199.8,1079.8,140.39,108.47,60.08
2019-06-27 00:00:00-04:00,71.3,222.81,199.73,1075.93,139.27,108.81,62.82
2019-06-28 00:00:00-04:00,72.505,223.46,197.92,1080.62,139.67,111.77,66.4
2019-07-01 00:00:00-04:00,73.22,227.16,201.68,1097.9,141.64,113.7,67.72
2019-07-02 00:00:00-04:00,73.97,224.62,202.71,1111.77,142.55,113.81,66.92
2019-07-03 00:00:00-04:00,74.2638,234.9,204.41,1121.92,142.95,112.79,67.262
2019-07-05 00:00:00-04:00,74.32,233.15,204.25,1131.27,142.47,113.47,68.28
2019-07-08 00:00:00-04:00,73.41,230.38,200.01,1116.7,141.03,112.88,69.17
2019-07-09 00:00:00-04:00,78.03,230.06,201.22,1124.58,141.61,113.36,69.66
2019-07-10 00:00:00-04:00,78.38,238.92,203.21,1140.48,143.54,113.0194,69.63
2019-07-11 00:00:00-04:00,79.445,238.6,201.74,1144.13,143.58,114.09,71.1
2019-07-12 00:00:00-04:00,82.33,245.06,203.24,1144.56,144.85,115.28,70.61
2019-07-15 00:00:00-04:00,82.1019,253.48,205.2,1150.68,145.04,113.88,71.33
2019-07-16 00:00:00-04:00,80.57,252.4,204.49,1153.599,144.28,115.09,69.16
2019-07-17 00:00:00-04:00,80.86,254.83,203.28,1146.49,142.59,113.99,68.43
2019-07-18 00:00:00-04:00,81.03,253.59,205.66,1146.8,141.62,114.67,68.51
2019-07-19 00:00:00-04:00,78.48,258.0789,202.57,1130.01,139.88,113.57,68.56
2019-07-22 00:00:00-04:00,78.57,255.65,207.22,1138.27,140.81,114.28,70.16
2019-07-23 00:00:00-04:00,78.85,260.1,208.825,1146.56,141.26,116.36,67.15
2019-07-24 00:00:00-04:00,80.42,265.0288,208.67,1138.18,141.3,116.81,69.23
2019-07-25 00:00:00-04:00,80.04,228.8102,207.05,1134.3239,143.2,115.79,66.8
2019-07-26 00:00:00-04:00,81.81,228.0,207.75,1247.0,144.63,116.22,69.51
2019-07-29 00:00:00-04:00,80.23,235.792,209.67,1239.01,146.38,115.85,68.49
2019-07-30 00:00:00-04:00,80.48,242.26,208.884,1225.14,144.94,115.58,70.1
2019-07-31 00:00:00-04:00,80.4,241.62,212.78,1216.68,143.01,116.005,68.25
2019-08-01 00:00:00-04:00,81.1435,233.94,208.4595,1209.01,141.85,112.94,71.44
2019-08-02 00:00:00-04:00,69.599,234.2784,204.09,1193.99,141.68,112.9,69.66
2019-08-05 00:00:00-04:00,64.8475,228.48,193.22,1152.32,138.32,109.55,65.63
2019-08-06 00:00:00-04:00,64.6,230.63,196.98,1169.36,141.94,110.44,67.1
2019-08-07 00:00:00-04:00,65.01,233.47,199.14,1173.9,134.875,108.02,65.95
2019-08-08 00:00:00-04:00,66.3,238.29,203.45,1204.52,137.96,109.92,66.55
2019-08-09 00:00:00-04:00,65.0,235.0,200.93,1187.79,138.516,109.74,64.89
2019-08-12 00:00:00-04:00,62.29,229.02,200.5,1174.07,135.74,107.69,65.41
2019-08-13 00:00:00-04:00,63.01,234.97,208.98,1197.26,137.0,109.34,65.96
2019-08-14 00:00:00-04:00,61.53,219.59,202.75,1164.6,132.85,104.79,61.47
2019-08-15 00:00:00-04:00,61.99,215.52,201.74,1167.57,133.42,105.2,56.86
2019-08-16 00:00:00-04:00,62.87,219.92,206.44,1177.6,135.2,107.73,60.41
2019-08-19 00:00:00-04:00,64.11,226.81,210.34,1198.53,135.28,108.69,61.12
2019-08-20 00:00:00-04:00,64.4,225.65,210.35,1183.26,135.15,107.33,60.29
2019-08-21 00:00:00-04:00,65.42,220.79,212.65,1191.06,135.76,107.61,60.6
2019-08-22 00:00:00-04:00,64.67,222.05,212.45,1189.69,136.0801,108.75,59.77
2019-08-23 00:00:00-04:00,61.83,211.39,202.63,1151.35,131.71,106.02,56.05
2019-08-26 00:00:00-04:00,62.82,214.98,206.6,1169.47,134.6,106.94,55.97
2019-08-27 00:00:00-04:00,61.74,214.16,204.14,1168.27,134.44,105.68,55.25
2019-08-28 00:00:00-04:00,62.14,215.59,205.52,1171.36,136.53,106.84,55.9
2019-08-29 00:00:00-04:00,62.85,221.7,209.1,1193.04,137.84,109.22,57.5
2019-08-30 00:00:00-04:00,61.81,225.6,208.74,1188.11,137.2,109.77,57.88
2019-09-03 00:00:00-04:00,61.15,225.11,205.695,1168.06,136.27,108.58,56.47
2019-09-04 00:00:00-04:00,61.09,220.71,209.25,1180.92,137.93,109.9,59.17
2019-09-05 00:00:00-04:00,63.045,229.48,213.27,1211.23,138.81,112.33,61.01
2019-09-06 00:00:00-04:00,61.98,227.49,213.27,1204.93,139.54,112.63,62.36
2019-09-09 00:00:00-04:00,61.45,231.78,214.15,1204.92,138.85,115.41,62.94
2019-09-10 00:00:00-04:00,60.5,235.54,216.77,1207.23,135.72,116.76,64.82
2019-09-11 00:00:00-04:00,59.18,247.23,223.587,1220.17,136.19,117.16,68.08
2019-09-12 00:00:00-04:00,57.79,245.86,223.09,1234.0,137.55,117.97,69.05
2019-09-13 00:00:00-04:00,58.32,245.27,218.8,1239.51,138.0,120.2,70.39
2019-09-16 00:00:00-04:00,59.25,242.7,219.9,1231.34,135.8,119.13,68.16
2019-09-17 00:00:00-04:00,59.54,244.79,220.65,1229.16,136.21,118.55,68.68
2019-09-18 00:00:00-04:00,59.73,243.43,222.77,1233.1,136.79,119.79,67.47
2019-09-19 00:00:00-04:00,59.03,246.58,220.95,1237.9,133.3,119.36,68.74
2019-09-20 00:00:00-04:00,57.83,240.59,217.69,1229.68,132.17,118.87,72.09
2019-09-23 00:00:00-04:00,56.75,241.25,218.68,1234.09,132.48,118.89,72.2
2019-09-24 00:00:00-04:00,57.53,223.2817,217.68,1218.76,131.97,117.36,70.94
2019-09-25 00:00:00-04:00,58.51,228.7,220.99,1246.99,133.07,118.04,69.01
2019-09-26 00:00:00-04:00,60.8,242.52,219.89,1242.0,131.33,117.065,68.53
2019-09-27 00:00:00-04:00,60.76,242.13,218.85,1225.3,129.99,117.74,66.5
2019-09-30 00:00:00-04:00,62.005,240.84,223.98,1218.63,130.3,117.68,67.73
2019-10-01 00:00:00-04:00,61.61,244.69,224.58,1205.4,129.55,115.52,66.82
2019-10-02 00:00:00-04:00,60.06,243.24,218.96,1176.63,129.16,113.27,61.54
2019-10-03 00:00:00-04:00,62.06,232.92,220.81,1187.31,128.16,112.18,64.29
2019-10-04 00:00:00-04:00,62.64,231.4159,227.01,1208.92,130.25,114.61,66.78
2019-10-07 00:00:00-04:00,62.25,237.72,227.06,1207.25,130.89,114.39,67.88
2019-10-08 00:00:00-04:00,60.81,240.0,224.39,1189.24,128.42,111.79,65.57
2019-10-09 00:00:00-04:00,62.235,244.53,227.0,1201.93,129.33,112.66,67.87
2019-10-10 00:00:00-04:00,62.01,244.74,230.09,1208.75,129.37,114.22,68.04
2019-10-11 00:00:00-04:00,61.53,247.77,236.22,1214.89,129.97,116.19,67.46
2019-10-14 00:00:00-04:00,61.83,256.92,235.89,1217.13,129.7,116.41,68.55
2019-10-15 00:00:00-04:00,64.29,257.86,235.32,1242.51,129.76,119.92,69.8
2019-10-16 00:00:00-04:00,63.01,259.6902,234.39,1243.65,130.955,119.7,68.95
2019-10-17 00:00:00-04:00,63.38,261.98,235.29,1253.06,132.37,120.39,70.43
2019-10-18 00:00:00-04:00,60.46,256.9899,236.28,1245.49,130.92,120.575,69.22
2019-10-21 00:00:00-04:00,61.15,253.43,240.53,1246.48,130.28,123.56,68.65
2019-10-22 00:00:00-04:00,58.82,255.52,239.97,1242.93,132.42,124.87,68.185
2019-10-23 00:00:00-04:00,58.34,254.889,243.14,1259.28,131.13,125.12,67.57
2019-10-24 00:00:00-04:00,61.69,299.62,243.6,1260.46,130.24,125.01,68.28
2019-10-25 00:00:00-04:00,62.8701,328.19,246.58,1265.07,130.865,126.02,69.73
2019-10-28 00:00:00-04:00,62.82,327.51,249.04,1290.09,130.51,126.52,70.75
2019-10-29 00:00:00-04:00,62.41,316.2,243.29,1262.82,129.48,126.42,71.54
2019-10-30 00:00:00-04:00,62.1859,314.86,243.29,1261.2,129.69,125.75,69.13
2019-10-31 00:00:00-04:00,61.46,315.09,248.84,1260.31,129.92,124.93,76.59
2019-11-01 00:00:00-04:00,62.61,313.21,255.84,1274.5,132.73,127.82,78.35
2019-11-04 00:00:00-05:00,62.39,317.425,257.48,1290.97,132.95,128.83,80.3
2019-11-05 00:00:00-05:00,61.05,317.16,257.15,1291.82,131.46,129.12,80.11
2019-11-06 00:00:00-05:00,61.34,326.7,257.24,1291.8,131.29,129.3,80.0
2019-11-07 00:00:00-05:00,64.41,335.39,259.5,1308.86,133.1264,130.08,80.07
2019-11-08 00:00:00-05:00,62.49,337.12,260.14,1311.31,137.94,130.37,80.62
2019-11-11 00:00:00-05:00,63.77,345.1,262.2,1299.0,136.735,129.91,81.0
2019-11-12 00:00:00-05:00,61.53,349.95,261.98,1298.79,138.55,129.13,80.73
2019-11-13 00:00:00-05:00,61.54,345.99,264.47,1297.65,148.69,128.48,79.68
2019-11-14 00:00:00-05:00,62.99,349.36,262.69,1311.58,147.1814,128.7,78.81
2019-11-15 00:00:00-05:00,64.7,352.24,265.75,1334.86,144.63,129.52,80.94
2019-11-18 00:00:00-05:00,65.74,349.98,267.12,1320.71,147.65,130.59,78.15
2019-11-19 00:00:00-05:00,66.4,359.52,266.29,1315.13,148.35,130.56,78.03
2019-11-20 00:00:00-05:00,67.18,352.4,263.22,1302.98,146.86,129.64,77.45
2019-11-21 00:00:00-05:00,67.4,354.9697,262.01,1301.12,146.9,129.94,77.49
2019-11-22 00:00:00-05:00,67.75,332.99,261.84,1295.35,148.2441,130.78,81.48
2019-11-25 00:00:00-05:00,68.21,336.3009,266.42,1306.95,149.62,131.49,83.86
2019-11-26 00:00:00-05:00,68.97,328.93,264.1,1313.54,151.59,131.61,84.86
2019-11-27 00:00:00-05:00,69.65,331.05,267.8999,1313.5,151.48,132.06,85.87
2019-11-29 00:00:00-05:00,69.16,330.04,267.18,1303.97,151.7,131.8,83.75
2019-12-02 00:00:00-05:00,66.9,334.86,264.09,1289.77,150.75,131.57,78.43
2019-12-03 00:00:00-05:00,67.05,336.08,259.52,1295.27,148.65,129.78,78.9
2019-12-04 00:00:00-05:00,67.82,332.99,261.74,1320.3,148.28,132.38,80.05
2019-12-05 00:00:00-05:00,67.18,330.34,265.58,1328.89,147.45,133.09,79.42
2019-12-06 00:00:00-05:00,67.98,335.85,270.7,1340.51,147.65,135.04,79.99
2019-12-09 00:00:00-05:00,67.11,339.4,266.92,1343.55,146.18,134.46,78.31
2019-12-10 00:00:00-05:00,65.83,348.83,268.62,1344.95,146.09,134.47,78.11
2019-12-11 00:00:00-05:00,65.67,352.5,270.74,1345.02,147.56,134.15,77.47
2019-12-12 00:00:00-05:00,65.85,359.67,271.46,1350.31,147.76,138.01,77.01
2019-12-13 00:00:00-05:00,64.79,358.37,275.26,1347.83,146.37,136.82,76.34
2019-12-16 00:00:00-05:00,66.47,381.51,279.86,1361.17,148.46,137.34,78.13
2019-12-17 00:00:00-05:00,65.55,378.9101,280.42,1354.23,147.68,138.16,79.27
2019-12-18 00:00:00-05:00,65.13,393.1,279.71,1351.94,146.3,138.07,80.99
2019-12-19 00:00:00-05:00,64.5,404.02,280.03,1356.18,146.13,137.35,82.71
2019-12-20 00:00:00-05:00,63.61,405.55,279.28,1349.175,146.85,137.24,81.43
2019-12-23 00:00:00-05:00,62.8,419.18,283.97,1348.93,144.69,137.22,82.79
2019-12-24 00:00:00-05:00,63.96,425.18,284.2762,1343.56,145.3,137.58,82.6
2019-12-26 00:00:00-05:00,64.05,430.8202,289.91,1360.4,145.69,139.09,82.49
2019-12-27 00:00:00-05:00,63.82,430.23,289.83,1351.34,145.7499,139.14,83.35
2019-12-30 00:00:00-05:00,61.8,414.62,291.647,1336.85,143.78,138.68,83.25
2019-12-31 00:00:00-05:00,62.56,418.17,293.37,1336.72,144.55,139.4,83.69
2020-01-02 00:00:00-05:00,63.83,430.24,300.58,1367.73,148.18,141.09,83.29
2020-01-03 00:00:00-05:00,63.0,442.75,297.38,1359.49,146.48,138.28,82.94
2020-01-06 00:00:00-05:00,62.57,451.4001,299.78,1393.8,145.65,138.21,86.96
2020-01-07 00:00:00-05:00,64.57,469.17,298.27,1393.33,145.68,135.87,85.7
2020-01-08 00:00:00-05:00,67.6,492.09,303.15,1404.32,145.45,136.97,86.22
2020-01-09 00:00:00-05:00,67.92,481.49,309.71,1419.9,144.8,137.44,85.37
2020-01-10 00:00:00-05:00,67.99,477.96,310.37,1429.73,144.6,136.09,85.16
2020-01-13 00:00:00-05:00,68.66,524.85,316.97,1439.61,143.76,137.19,95.97
2020-01-14 00:00:00-05:00,68.16,538.0,312.69,1431.3,145.21,138.72,96.85
2020-01-15 00:00:00-05:00,70.37,518.505,311.5,1439.2,144.3,136.8,94.0
2020-01-16 00:00:00-05:00,69.53,513.49,315.33,1451.93,145.09,137.22,96.91
2020-01-17 00:00:00-05:00,69.38,510.19,318.67,1480.79,144.25,138.15,95.61
2020-01-21 00:00:00-05:00,68.31,547.3007,316.55,1485.0,143.56,136.84,98.25
2020-01-22 00:00:00-05:00,68.69,569.43,317.7,1485.27,144.02,136.66,101.43
2020-01-23 00:00:00-05:00,69.29,571.9422,319.2899,1486.11,142.18,136.54,102.86
2020-01-24 00:00:00-05:00,71.16,564.96,318.33,1466.71,140.11,133.13,98.15
2020-01-27 00:00:00-05:00,71.06,557.54,308.96,1433.9,135.82,131.99,95.95
2020-01-28 00:00:00-05:00,74.82,566.82,317.76,1452.59,138.33,134.43,99.4
2020-01-29 00:00:00-05:00,76.16,581.0,324.32,1458.74,136.07,134.23,103.44
2020-01-30 00:00:00-05:00,76.1,640.93,323.8762,1455.78,137.76,135.89,104.75
2020-01-31 00:00:00-05:00,74.68,650.48,309.33,1434.0,138.3,132.33,101.64
2020-02-03 00:00:00-05:00,79.795,780.28,308.71,1487.0587,141.32,133.34,101.99
2020-02-04 00:00:00-05:00,80.9,887.72,318.86,1447.58,144.73,135.29,107.14
2020-02-05 00:00:00-05:00,78.39,734.72,321.58,1448.6,141.37,137.62,107.13
2020-02-06 00:00:00-05:00,78.5,748.5,325.21,1475.7977,142.72,137.59,108.64
2020-02-07 00:00:00-05:00,78.85,747.9808,320.04,1479.24,141.06,137.18,105.89
2020-02-10 00:00:00-05:00,80.17,770.8467,321.54,1508.69,142.54,137.73,109.73
2020-02-11 00:00:00-05:00,79.88,774.02,319.61,1509.36,141.0,138.0,110.44
2020-02-12 00:00:00-05:00,79.98,767.44,327.2,1518.86,141.84,138.0,110.0
2020-02-13 00:00:00-05:00,81.0,803.86,324.91,1513.79,140.9,137.93,112.06
2020-02-14 00:00:00-05:00,81.86,799.9724,324.94,1520.74,139.5497,137.41,111.82
2020-02-18 00:00:00-05:00,82.425,858.66,319.0,1519.61,139.13,135.67,117.24
2020-02-19 00:00:00-05:00,85.24,916.96,323.62,1527.0,141.3,137.47,117.36
2020-02-20 00:00:00-05:00,85.74,899.18,320.3,1518.38,140.37,137.43,115.95
2020-02-21 00:00:00-05:00,83.49,901.0,313.03,1483.8,138.96,135.82,113.55
2020-02-24 00:00:00-05:00,80.22,833.16,298.17,1420.59,133.01,132.17,114.26
2020-02-25 00:00:00-05:00,77.03,799.11,288.08,1388.07,128.26,126.32,118.4
2020-02-26 00:00:00-05:00,76.66,778.8,292.69,1393.32,123.4,126.63,116.86
2020-02-27 00:00:00-05:00,79.32,678.85,273.04,1317.37,117.97,121.3,135.15
2020-02-28 00:00:00-05:00,83.34,667.43,274.64,1341.14,117.69,116.09,125.0
2020-03-02 00:00:00-05:00,80.7,743.69,298.82,1390.41,119.95,121.55,124.44
2020-03-03 00:00:00-05:00,78.82,745.51,289.31,1340.99,116.41,116.95,123.53
2020-03-04 00:00:00-05:00,79.217,749.5,302.76,1386.52,119.16,119.86,124.495
2020-03-05 00:00:00-05:00,76.3221,723.62,292.92,1317.92,113.98,114.0,134.19
2020-03-06 00:00:00-05:00,73.08,703.39,288.98,1298.41,115.27,108.12,135.89
2020-03-09 00:00:00-04:00,65.83,606.46,266.09,1214.51,104.29,93.2742,133.25
2020-03-10 00:00:00-04:00,67.25,645.0,285.69,1281.01,111.46,100.7001,145.99
2020-03-11 00:00:00-04:00,62.43,633.905,275.3,1215.1,105.51,95.94,137.43
2020-03-12 00:00:00-04:00,53.58,556.01,248.0,1113.84,91.81,88.075,118.65
2020-03-13 00:00:00-04:00,57.78,546.2,278.06,1219.76,102.52,103.91,127.95
2020-03-16 00:00:00-04:00,41.21,444.9801,241.47,1085.0,95.01,88.36,116.74
2020-03-17 00:00:00-04:00,44.73,430.0,252.85,1119.79,93.53,93.77,118.23
2020-03-18 00:00:00-04:00,39.4627,361.6,249.0,1098.64,88.825,83.89,136.93
2020-03-19 00:00:00-04:00,39.99,427.295,244.78,1115.06,94.93,85.3,139.18
2020-03-20 00:00:00-04:00,38.03,427.53,228.74,1072.31,85.95,83.13,142.02
2020-03-23 00:00:00-04:00,40.01,434.29,223.43,1056.63,85.76,78.88,167.45
2020-03-24 00:00:00-04:00,46.36,504.3,246.88,1134.8,98.01,88.32,161.9
2020-03-25 00:00:00-04:00,52.44,539.175,245.465,1101.71,100.7,91.835,141.57
2020-03-26 00:00:00-04:00,56.07,528.05,258.48,1161.33,105.35,97.84,159.32
2020-03-27 00:00:00-04:00,53.34,514.56,247.62,1109.3,96.33,91.1399,164.17
2020-03-30 00:00:00-04:00,55.0,502.1,254.79,1148.51,99.85,93.47,163.56
2020-03-31 00:00:00-04:00,52.39,524.48,254.3,1161.6,96.59,90.12,155.01
2020-04-01 00:00:00-04:00,46.81,481.58,240.76,1105.62,94.92,84.41,162.53
2020-04-02 00:00:00-04:00,45.86,454.47,244.93,1121.74,96.96,87.48,159.06
2020-04-03 00:00:00-04:00,43.75,480.0,241.43,1097.69,93.87,84.075,156.25
2020-04-06 00:00:00-04:00,50.42,516.24,262.285,1187.2,99.06,88.77,150.0
2020-04-07 00:00:00-04:00,50.3,545.47,259.385,1186.51,101.08,90.44,141.39
2020-04-08 00:00:00-04:00,57.06,548.7,266.04,1210.28,101.05,94.25,138.94
2020-04-09 00:00:00-04:00,59.21,573.01,267.96,1211.99,104.49,102.76,146.36
2020-04-13 00:00:00-04:00,59.44,650.9899,273.23,1217.99,103.5,98.24,154.09
2020-04-14 00:00:00-04:00,62.41,709.755,287.07,1269.22,106.03,95.5,157.32
2020-04-15 00:00:00-04:00,61.3,729.5254,284.45,1262.47,103.395,90.82,171.77
2020-04-16 00:00:00-04:00,57.29,745.6545,286.72,1263.62,101.97,87.32,173.82
2020-04-17 00:00:00-04:00,61.08,753.65,282.74,1283.23,106.62,95.0,173.2565
2020-04-20 00:00:00-04:00,61.05,746.35,276.85,1267.58,102.23,91.65,181.47
2020-04-21 00:00:00-04:00,57.38,686.72,268.36,1215.38,100.6,88.98,172.39
2020-04-22 00:00:00-04:00,61.1,731.0656,276.67,1265.12,101.11,89.7598,179.64
2020-04-23 00:00:00-04:00,61.8275,705.63,274.87,1276.3,100.9,89.31,187.55
2020-04-24 00:00:00-04:00,61.975,725.0,282.95,1279.3,101.1705,90.7,192.91
2020-04-27 00:00:00-04:00,63.64,798.92,283.25,1275.88,106.03,94.37,194.71
2020-04-28 00:00:00-04:00,61.74,769.11,278.57,1233.0,106.24,95.2801,180.1
2020-04-29 00:00:00-04:00,65.75,799.84,287.83,1340.4,112.31,97.79,175.245
2020-04-30 00:00:00-04:00,65.11,781.06,293.99,1348.67,108.05,95.76,164.5101
2020-05-01 00:00:00-04:00,62.97,701.31,289.07,1320.86,105.5,93.25,169.16
2020-05-04 00:00:00-04:00,63.68,761.21,293.17,1326.8,103.26,92.15,174.23
2020-05-05 00:00:00-04:00,66.685,768.06,297.78,1352.08,101.22,91.95,169.31
2020-05-06 00:00:00-04:00,68.23,782.45,300.5,1347.35,100.9332,90.28,175.88
2020-05-07 00:00:00-04:00,74.63,780.215,303.75,1373.09,105.57,91.2,175.01
2020-05-08 00:00:00-04:00,76.06,819.25,310.1484,1387.34,109.16,92.49,176.68
2020-05-11 00:00:00-04:00,74.93,810.48,315.005,1403.28,107.74,89.93,190.45
2020-05-12 00:00:00-04:00,75.2,809.21,311.51,1374.77,104.54,87.01,184.2137
2020-05-13 00:00:00-04:00,73.77,790.62,307.68,1349.88,102.86,84.06,188.19
2020-05-14 00:00:00-04:00,78.1927,803.04,309.7,1357.26,105.91,87.55,179.59
2020-05-15 00:00:00-04:00,80.39,799.034,307.74,1373.18,109.04,85.9,184.23
2020-05-18 00:00:00-04:00,76.62,813.51,314.89,1383.94,116.85,90.29,172.17
2020-05-19 00:00:00-04:00,79.23,808.0,313.01,1374.1296,114.365,88.65,175.55
2020-05-20 00:00:00-04:00,82.03,815.46,319.16,1406.97,119.91,91.36,171.0
2020-05-21 00:00:00-04:00,81.52,827.75,317.04,1403.15,117.7801,90.17,175.0
2020-05-22 00:00:00-04:00,81.5,816.4,318.89,1410.42,118.0,89.47,174.01
2020-05-26 00:00:00-04:00,80.8,818.74,316.84,1417.03,120.95,95.83,164.52
2020-05-27 00:00:00-04:00,80.96,819.955,318.08,1417.48,121.53,101.34,162.64
2020-05-28 00:00:00-04:00,79.65,805.975,318.15,1416.73,116.74,99.88,166.68
2020-05-29 00:00:00-04:00,81.13,834.1905,318.76,1427.92,117.26,97.375,173.99
2020-06-01 00:00:00-04:00,82.72,897.875,321.76,1431.36,118.79,98.59,173.63
2020-06-02 00:00:00-04:00,88.0101,881.4,323.42,1439.47,118.75,98.98,169.84
2020-06-03 00:00:00-04:00,91.96,882.51,325.09,1435.32,122.16,104.29,164.68
2020-06-04 00:00:00-04:00,87.72,864.27,322.25,1412.73,123.69,106.48,157.045
2020-06-05 00:00:00-04:00,90.05,885.335,331.54,1438.39,124.83,111.3,161.695
2020-06-08 00:00:00-04:00,89.59,948.45,333.4402,1446.68,127.25,113.4,166.305
2020-06-09 00:00:00-04:00,89.6,941.5524,344.32,1456.2,124.07,110.7,168.75
2020-06-10 00:00:00-04:00,91.96,1024.974,352.78,1465.85,122.25,106.16,176.79
2020-06-11 00:00:00-04:00,86.12,972.41,336.08,1403.84,112.76,97.33,173.875
2020-06-12 00:00:00-04:00,85.76,936.25,337.655,1409.0,113.33,98.01,172.325
2020-06-15 00:00:00-04:00,91.09,990.75,342.99,1419.85,117.12,101.32,188.28
2020-06-16 00:00:00-04:00,94.79,981.51,352.26,1444.09,118.48,102.12,188.42
2020-06-17 00:00:00-04:00,97.01,990.56,351.2438,1451.35,117.62,99.45,192.06
2020-06-18 00:00:00-04:00,98.27,1004.02,351.59,1436.65,118.37,98.99,192.0
2020-06-19 00:00:00-04:00,97.99,1000.57,349.55,1431.69,114.49,97.935,202.11
2020-06-22 00:00:00-04:00,104.24,994.54,358.93,1452.07,115.91,96.75,205.16
2020-06-23 00:00:00-04:00,104.74,1001.66,366.37,1464.45,116.57,97.93,198.08
2020-06-24 00:00:00-04:00,100.88,960.85,360.06,1431.97,112.06,94.72,197.01
2020-06-25 00:00:00-04:00,104.88,985.98,364.88,1440.95,111.34,97.87,201.7
2020-06-26 00:00:00-04:00,104.3,960.76,353.69,1359.03,109.1,92.6,193.61
2020-06-29 00:00:00-04:00,103.67,1009.89,362.0,1395.6,111.52,93.01,187.49
2020-06-30 00:00:00-04:00,104.85,1079.0,364.6,1413.84,111.46,93.98,190.84
2020-07-01 00:00:00-04:00,115.9,1119.54,364.01,1437.55,113.02,93.27,198.64
2020-07-02 00:00:00-04:00,113.46,1208.8,364.12,1464.43,112.24,92.69,208.81
2020-07-06 00:00:00-04:00,118.975,1371.0,373.81,1495.54,114.42,94.99,217.99
2020-07-07 00:00:00-04:00,125.62,1389.69,372.64,1484.45,113.63,92.32,217.27
2020-07-08 00:00:00-04:00,133.39,1365.8054,381.44,1495.991,116.71,93.31,224.52
2020-07-09 00:00:00-04:00,129.39,1393.81,382.6599,1509.82,116.81,91.31,228.445
2020-07-10 00:00:00-04:00,128.07,1546.01,383.52,1541.74,119.31,96.28,229.01
2020-07-13 00:00:00-04:00,118.74,1494.1,381.91,1511.33,116.24,97.62,218.6
2020-07-14 00:00:00-04:00,121.24,1516.385,388.21,1520.48,118.66,98.21,208.97
2020-07-15 00:00:00-04:00,122.2,1546.875,390.91,1513.85,120.93,99.74,221.83
2020-07-16 00:00:00-04:00,119.96,1500.82,386.23,1518.0,119.44,100.03,218.69
2020-07-17 00:00:00-04:00,120.72,1500.45,385.15,1516.25,118.64,98.16,217.84
2020-07-20 00:00:00-04:00,128.39,1642.47,393.43,1564.7,117.77,97.29,227.0701
2020-07-21 00:00:00-04:00,127.0,1567.58,388.0,1558.56,118.63,99.42,226.66
2020-07-22 00:00:00-04:00,129.12,1590.58,389.09,1567.85,119.01,98.69,224.14
2020-07-23 00:00:00-04:00,122.94,1513.68,371.56,1516.185,118.12,98.98,219.89
2020-07-24 00:00:00-04:00,121.41,1415.56,370.42,1510.97,117.56,98.28,212.88
2020-07-27 00:00:00-04:00,125.74,1539.91,379.215,1530.28,116.34,96.89,212.65
2020-07-28 00:00:00-04:00,123.51,1475.35,373.04,1501.26,116.18,97.34,212.68
2020-07-29 00:00:00-04:00,128.53,1499.99,380.27,1522.01,115.66,99.68,218.46
2020-07-30 00:00:00-04:00,129.06,1487.42,384.88,1532.981,115.66,97.002,237.04
2020-07-31 00:00:00-04:00,129.85,1432.0,425.19,1483.89,116.9767,96.63,237.77
2020-08-03 00:00:00-04:00,134.83,1484.98,435.66,1474.29,116.35,96.1,237.24
2020-08-04 00:00:00-04:00,136.8,1486.25,438.81,1466.0,117.42,95.56,249.65
2020-08-05 00:00:00-04:00,146.38,1485.18,440.339,1473.62,127.64,97.21,202.01
2020-08-06 00:00:00-04:00,153.98,1489.69,455.88,1501.35,130.82,97.22,212.45
2020-08-07 00:00:00-04:00,147.225,1453.1,444.41,1493.96,130.0,99.37,193.71
2020-08-10 00:00:00-04:00,139.26,1419.0,450.94,1494.95,128.83,100.68,193.72
2020-08-11 00:00:00-04:00,138.255,1374.0,437.51,1480.42,130.5202,103.88,183.75
2020-08-12 00:00:00-04:00,139.02,1554.423,452.24,1505.75,131.7489,102.93,185.09
2020-08-13 00:00:00-04:00,143.16,1620.71,460.03,1518.66,130.97,102.37,192.19
2020-08-14 00:00:00-04:00,141.91,1651.5,459.78,1507.73,130.56,102.41,187.425
2020-08-17 00:00:00-04:00,152.47,1835.86,458.39,1518.54,129.44,99.71,205.15
2020-08-18 00:00:00-04:00,150.96,1888.11,462.08,1559.0,128.92,98.33,217.39
2020-08-19 00:00:00-04:00,150.37,1879.0,462.825,1547.52,127.77,98.55,216.5103
2020-08-20 00:00:00-04:00,156.08,2001.3,472.83,1582.22,128.095,97.38,218.41
2020-08-21 00:00:00-04:00,155.12,2050.0,497.4,1580.97,127.47,97.33,223.4
2020-08-24 00:00:00-04:00,151.835,2015.695,503.79,1588.19,130.68,100.07,210.62
2020-08-25 00:00:00-04:00,155.0,2024.09,499.31,1607.08,129.81,100.5,212.01
2020-08-26 00:00:00-04:00,153.8,2151.93,506.19,1651.98,132.23,99.1,214.57
2020-08-27 00:00:00-04:00,155.62,2239.76,500.04,1635.31,133.74,102.32,215.67
2020-08-28 00:00:00-04:00,155.85,2213.52,498.83,1644.4,135.52,102.77,208.7
2020-08-31 00:00:00-04:00,159.47,498.51,128.85,1632.03,131.77,100.13,215.75
2020-09-01 00:00:00-04:00,166.67,475.04,134.2,1660.71,133.57,100.14,224.2
2020-09-02 00:00:00-04:00,162.875,447.245,131.22,1728.29,135.35,101.6,223.15
2020-09-03 00:00:00-04:00,152.87,407.0,120.92,1642.22,133.19,101.36,203.0
2020-09-04 00:00:00-04:00,146.4,417.9307,120.9,1590.01,131.99,103.491,198.32
2020-09-08 00:00:00-04:00,139.11,330.02,112.83,1532.39,134.14,99.95,192.72
2020-09-09 00:00:00-04:00,144.22,366.21,117.18,1555.37,133.39,100.87,201.0
2020-09-10 00:00:00-04:00,141.01,370.5,113.48,1531.18,133.19,99.82,198.39
2020-09-11 00:00:00-04:00,137.45,372.4101,112.01,1520.48,131.75,101.06,189.91
2020-09-14 00:00:00-04:00,144.3,419.765,115.3599,1519.08,131.2,102.46,193.36
2020-09-15 00:00:00-04:00,154.49,449.38,115.55,1542.62,131.21,99.27,194.66
2020-09-16 00:00:00-04:00,151.14,441.76,112.13,1520.85,132.17,99.76,193.52
2020-09-17 00:00:00-04:00,145.674,423.43,110.32,1495.93,130.21,98.56,199.24
2020-09-18 00:00:00-04:00,145.08,440.9701,106.6,1459.99,128.59,98.35,205.48
2020-09-21 00:00:00-04:00,151.03,449.41,110.13,1431.92,125.4,95.3,202.82
2020-09-22 00:00:00-04:00,155.52,423.974,111.8,1465.46,127.18,94.27,215.28
2020-09-23 00:00:00-04:00,149.72,380.3885,107.23,1416.06,123.29,92.75,209.22
2020-09-24 00:00:00-04:00,152.36,387.63,108.2015,1428.29,122.5,92.66,203.93
2020-09-25 00:00:00-04:00,157.79,407.18,112.28,1444.49,124.02,93.47,219.17
2020-09-28 00:00:00-04:00,160.7,421.0602,115.0,1465.31,126.02,96.2,215.09
2020-09-29 00:00:00-04:00,164.81,418.99,114.11,1470.12,125.3,95.35,217.44
2020-09-30 00:00:00-04:00,162.56,428.97,115.61,1469.61,124.13,96.244,219.24
2020-10-01 00:00:00-04:00,168.6,447.81,116.8,1490.09,123.31,96.97,220.98
2020-10-02 00:00:00-04:00,169.61,415.2699,113.02,1459.8,122.51,97.9,221.56
2020-10-05 00:00:00-04:00,181.0,425.5,116.54,1485.14,123.37,99.04,225.3
2020-10-06 00:00:00-04:00,175.31,413.7001,113.16,1452.47,120.89,98.0,217.63
2020-10-07 00:00:00-04:00,180.15,425.19,115.05,1460.29,122.89,99.74,222.98
2020-10-08 00:00:00-04:00,183.5,425.92,114.97,1485.93,123.08,101.78,221.54
2020-10-09 00:00:00-04:00,187.25,433.96,116.98,1514.71,124.98,101.2,218.22
2020-10-12 00:00:00-04:00,185.25,442.0,124.42,1570.3,124.96,102.44,218.0
2020-10-13 00:00:00-04:00,190.56,446.65,121.05,1571.67,128.98,100.73,231.8
2020-10-14 00:00:00-04:00,187.49,461.47,121.29,1568.32,126.58,100.23,230.24
2020-10-15 00:00:00-04:00,188.61,448.88,120.7453,1558.68,127.37,101.78,224.3
2020-10-16 00:00:00-04:00,186.35,439.91,118.96,1573.01,126.82,101.48,221.13
2020-10-19 00:00:00-04:00,186.95,430.83,116.0,1534.28,124.28,99.8002,223.68
2020-10-20 00:00:00-04:00,185.68,421.97,117.5,1556.73,124.915,100.35,222.2
2020-10-21 00:00:00-04:00,177.92,422.5,116.86,1593.31,126.58,99.34,216.77
2020-10-22 00:00:00-04:00,175.93,425.9,115.7737,1616.87,127.56,102.88,215.07
2020-10-23 00:00:00-04:00,176.77,420.615,115.04,1641.33,128.36,103.84,216.31
2020-10-26 00:00:00-04:00,169.89,420.28,115.06,1591.06,124.07,101.26,212.31
2020-10-27 00:00:00-04:00,171.01,424.471,116.53,1603.15,123.31,99.33,223.06
2020-10-28 00:00:00-04:00,167.13,406.0,111.15,1516.52,118.56,96.56,227.19
2020-10-29 00:00:00-04:00,169.86,410.64,114.52,1561.78,121.53,97.16,218.38
2020-10-30 00:00:00-04:00,154.87,388.04,108.9,1621.08,121.25,98.06,196.46
2020-11-02 00:00:00-05:00,155.23,400.51,108.77,1625.44,120.13,100.24,190.2001
2020-11-03 00:00:00-05:00,158.22,423.74,110.375,1649.28,124.04,103.38,195.11
2020-11-04 00:00:00-05:00,171.29,420.91,114.94,1749.14,125.07,100.22,198.72
2020-11-05 00:00:00-05:00,175.56,438.09,118.99,1764.48,126.99,104.35,208.5
2020-11-06 00:00:00-05:00,198.0993,429.92,118.685,1762.24,127.4601,103.0,206.06
2020-11-09 00:00:00-05:00,184.0,421.39,116.32,1760.98,142.54,116.98,177.98
2020-11-10 00:00:00-05:00,172.09,410.41,115.97,1739.65,142.03,116.5,172.38
2020-11-11 00:00:00-05:00,183.38,417.13,119.51,1752.65,137.85,114.82,182.55
2020-11-12 00:00:00-05:00,178.5,411.73,119.235,1751.43,135.42,113.4,186.97
2020-11-13 00:00:00-05:00,177.16,406.78,119.49,1780.56,138.425,113.98,181.565
2020-11-16 00:00:00-05:00,179.09,408.09,120.35,1770.09,144.71,117.39,177.7
2020-11-17 00:00:00-05:00,187.84,441.57,119.36,1769.85,144.5,116.15,179.33
2020-11-18 00:00:00-05:00,185.53,486.64,118.0,1746.78,143.9,115.25,181.8
2020-11-19 00:00:00-05:00,191.58,499.16,118.64,1763.92,141.7,115.56,191.19
2020-11-20 00:00:00-05:00,195.97,489.44,117.32,1741.88,141.07,114.6,200.01
2020-11-23 00:00:00-05:00,207.69,521.67,113.88,1733.52,146.04,117.86,193.9
2020-11-24 00:00:00-05:00,202.955,555.86,115.17,1768.28,151.47,123.33,186.42
2020-11-25 00:00:00-05:00,212.93,574.0,116.02,1771.41,149.08,122.03,190.51
2020-11-27 00:00:00-05:00,212.5,585.75,116.6,1792.52,147.08,121.24,196.44
2020-11-30 00:00:00-05:00,210.98,566.48,119.06,1760.74,147.97,118.09,198.77
2020-12-01 00:00:00-05:00,203.0,585.19,122.7,1798.51,149.44,119.7,195.19
2020-12-02 00:00:00-05:00,202.11,568.8,123.08,1827.44,153.56,122.04,194.85
2020-12-03 00:00:00-05:00,205.53,593.28,122.94,1827.05,153.27,121.24,197.21
2020-12-04 00:00:00-05:00,208.14,599.0,122.24,1828.69,154.145,122.34,203.65
2020-12-07 00:00:00-05:00,212.59,642.0,123.8,1819.48,153.68,121.88,197.3
2020-12-08 00:00:00-05:00,213.01,649.88,124.33,1818.129,153.72,122.0,198.25
2020-12-09 00:00:00-05:00,207.0,604.17,121.67,1782.73,154.31,120.94,192.28
2020-12-10 00:00:00-05:00,217.25,627.33,123.22,1774.5,154.62,120.28,198.96
2020-12-11 00:00:00-05:00,216.6,610.0,122.49,1781.77,175.72,119.56,199.6
2020-12-14 00:00:00-05:00,215.88,639.79,121.77,1760.06,169.25,118.26,194.63
2020-12-15 00:00:00-05:00,220.0,632.48,127.89,1767.68,173.98,120.33,196.12
2020-12-16 00:00:00-05:00,226.87,622.67,127.75,1762.91,173.14,120.62,187.07
2020-12-17 00:00:00-05:00,230.75,655.725,128.65,1747.98,173.51,119.67,196.81
2020-12-18 00:00:00-05:00,235.525,664.99,126.65,1723.35,173.39,118.61,194.7
2020-12-21 00:00:00-05:00,233.39,649.78,128.24,1740.37,170.68,123.55,199.82
2020-12-22 00:00:00-05:00,241.57,640.09,131.845,1724.65,170.46,121.67,206.05
2020-12-23 00:00:00-05:00,230.72,645.98,130.96,1731.43,173.47,125.0899,209.38
2020-12-24 00:00:00-05:00,228.28,661.66,131.99,1739.14,173.68,124.56,207.53
2020-12-28 00:00:00-05:00,223.35,663.77,136.73,1775.65,178.87,125.37,197.84
2020-12-29 00:00:00-05:00,214.0,665.98,134.93,1757.31,177.43,125.02,199.07
2020-12-30 00:00:00-05:00,221.03,694.71,133.72,1739.52,181.21,125.41,203.57
2020-12-31 00:00:00-05:00,217.71,705.21,132.58,1753.33,181.1,126.97,199.96
2021-01-04 00:00:00-05:00,221.1,729.75,129.41,1728.18,177.55,125.98,200.63
2021-01-05 00:00:00-05:00,229.75,735.055,130.95,1741.59,178.45,125.69,200.89
2021-01-06 00:00:00-05:00,227.02,756.46,126.58,1736.19,179.12,131.61,204.13
2021-01-07 00:00:00-05:00,239.59,816.24,130.85,1787.26,178.58,135.87,228.72
2021-01-08 00:00:00-05:00,241.48,880.03,131.99,1807.21,178.68,136.04,227.84
2021-01-11 00:00:00-05:00,225.5,811.18,128.98,1767.2,179.12,138.11,220.85
2021-01-12 00:00:00-05:00,227.47,849.22,128.8199,1746.55,175.98,140.19,230.06
2021-01-13 00:00:00-05:00,230.94,854.42,130.89,1754.7,176.12,140.35,231.78
2021-01-14 00:00:00-05:00,232.71,844.21,128.92,1740.17,173.57,141.12,225.54
2021-01-15 00:00:00-05:00,227.65,826.16,127.07,1736.18,171.44,138.88,225.22
2021-01-19 00:00:00-05:00,227.25,844.5,127.82,1790.64,172.25,138.01,232.52
2021-01-20 00:00:00-05:00,226.65,850.65,131.97,1886.61,173.61,135.95,246.75
2021-01-21 00:00:00-05:00,219.62,844.97,136.87,1892.57,171.34,134.84,245.49
2021-01-22 00:00:00-05:00,222.88,846.5,138.9699,1900.17,172.73,133.76,263.16
2021-01-25 00:00:00-05:00,216.63,880.81,142.9,1899.31,171.935,132.11,287.035
2021-01-26 00:00:00-05:00,209.49,883.46,143.185,1917.85,169.58,131.56,286.23
2021-01-27 00:00:00-05:00,202.3,864.65,142.53,1830.83,163.09,127.95,273.95
2021-01-28 00:00:00-05:00,219.91,835.48,137.04,1862.2,171.88,130.1,262.84
2021-01-29 00:00:00-05:00,215.92,793.311,131.83,1832.75,168.07,128.59,263.27
2021-02-01 00:00:00-05:00,221.94,840.0166,134.1,1900.61,170.9,129.6,264.22
2021-02-02 00:00:00-05:00,227.63,872.79,134.98,1927.7,177.01,133.61,266.91
2021-02-03 00:00:00-05:00,227.76,854.7,133.9,2068.15,176.36,135.11,271.41
2021-02-04 00:00:00-05:00,237.795,849.99,137.4,2064.0,180.27,138.22,276.84
2021-02-05 00:00:00-05:00,240.38,852.61,136.77,2098.49,181.15,137.95,285.03
2021-02-08 00:00:00-05:00,259.82,863.3,136.9007,2093.14,189.96,140.13,294.74
2021-02-09 00:00:00-05:00,258.13,849.25,136.0,2083.52,188.19,139.58,288.63
2021-02-10 00:00:00-05:00,257.47,805.0,135.36,2095.38,189.6203,139.69,290.54
2021-02-11 00:00:00-05:00,265.87,811.65,135.12,2095.58,190.89,139.28,283.69
2021-02-12 00:00:00-05:00,272.7501,816.04,135.38,2104.44,187.69,141.24,293.63
2021-02-16 00:00:00-05:00,276.02,795.99,133.16,2121.98,186.35,144.62,291.05
2021-02-17 00:00:00-05:00,271.09,798.25,130.84,2128.44,186.43,145.08,287.845
2021-02-18 00:00:00-05:00,270.85,787.3,129.7127,2116.24,183.0,145.61,283.13
2021-02-19 00:00:00-05:00,276.57,781.5,129.85,2101.29,183.68,148.04,292.7
2021-02-22 00:00:00-05:00,268.28,714.71,126.01,2063.97,191.76,149.5,268.75
2021-02-23 00:00:00-05:00,256.62,698.65,125.85,2071.36,197.01,150.6,255.89
2021-02-24 00:00:00-05:00,237.31,742.02,125.32,2095.03,197.51,153.25,253.4401
2021-02-25 00:00:00-05:00,226.78,682.6,121.0,2031.34,190.99,151.18,219.335
2021-02-26 00:00:00-05:00,230.2,671.01,121.2,2033.66,188.94,147.1,220.64
2021-03-01 00:00:00-05:00,241.0,718.43,127.79,2081.51,194.98,150.48,223.39
2021-03-02 00:00:00-05:00,252.15,686.05,125.1601,2076.61,193.92,150.04,217.91
2021-03-03 00:00:00-05:00,233.96,652.22,122.06,2025.8,192.28,152.92,203.18
2021-03-04 00:00:00-05:00,218.39,621.49,120.22,2049.56,188.05,150.68,195.83
2021-03-05 00:00:00-05:00,216.4399,597.496,121.39,2107.18,189.9,151.02,189.5
2021-03-08 00:00:00-05:00,201.8688,562.97,116.4,2023.385,201.92,152.92,176.51
2021-03-09 00:00:00-05:00,225.01,673.58,121.08,2052.7,194.51,151.75,193.07
2021-03-10 00:00:00-05:00,226.8,668.27,119.97,2054.54,195.05,155.14,184.21
2021-03-11 00:00:00-05:00,241.67,699.6,121.95,2114.77,196.75,154.29,198.86
2021-03-12 00:00:00-05:00,242.1,693.84,121.05,2061.5,197.06,156.12,197.91
2021-03-15 00:00:00-04:00,251.17,707.94,124.0,2066.54,196.73,155.34,201.25
2021-03-16 00:00:00-04:00,243.36,676.63,125.57,2093.05,194.22,153.51,199.0
2021-03-17 00:00:00-04:00,246.41,701.54,124.8,2092.03,195.24,155.1,190.11
2021-03-18 00:00:00-04:00,224.27,653.3,120.55,2036.21,192.3,157.7,185.43
2021-03-19 00:00:00-04:00,224.84,654.97,119.87,2041.14,191.45,154.57,191.35
2021-03-22 00:00:00-04:00,226.12,670.0,123.37,2038.59,192.8701,150.98,197.48
2021-03-23 00:00:00-04:00,223.08,662.475,122.54,2053.43,188.82,149.47,193.65
2021-03-24 00:00:00-04:00,213.53,630.12,120.07,2044.83,184.72,150.64,181.82
2021-03-25 00:00:00-04:00,208.47,640.49,120.6,2043.72,186.82,152.61,176.32
2021-03-26 00:00:00-04:00,213.61,618.8299,121.21,2036.09,185.86,155.07,176.91
2021-03-29 00:00:00-04:00,207.1,611.51,121.38,2056.77,184.76,152.59,171.3
2021-03-30 00:00:00-04:00,212.79,635.925,119.98,2055.88,185.64,154.57,174.78
2021-03-31 00:00:00-04:00,226.935,668.06,122.0928,2071.75,184.61,152.34,181.85
2021-04-01 00:00:00-04:00,229.51,661.33,123.0,2137.01,188.9699,153.67,182.57
2021-04-05 00:00:00-04:00,229.8601,691.0,125.9001,2226.72,188.47,153.59,180.93
2021-04-06 00:00:00-04:00,236.58,691.44,126.23,2224.63,189.79,152.52,182.0
2021-04-07 00:00:00-04:00,245.0,671.03,127.91,2249.78,187.55,154.93,177.92
2021-04-08 00:00:00-04:00,258.32,683.77,130.37,2265.99,187.34,155.12,182.17
2021-04-09 00:00:00-04:00,261.65,677.02,133.0,2285.87,187.9,156.35,181.27
2021-04-12 00:00:00-04:00,265.2,701.63,131.27,2254.9,186.49,155.98,182.0
2021-04-13 00:00:00-04:00,273.1182,762.35,134.41,2267.02,185.49,154.09,189.25
2021-04-14 00:00:00-04:00,258.34,732.99,132.14,2256.98,187.47,151.33,188.12
2021-04-15 00:00:00-04:00,263.145,738.85,134.49,2295.57,185.92,152.18,192.34
2021-04-16 00:00:00-04:00,256.11,739.78,134.15,2297.71,187.26,153.33,190.04
2021-04-19 00:00:00-04:00,245.14,715.0,134.921,2303.88,187.53,152.73,184.08
2021-04-20 00:00:00-04:00,245.575,718.79,133.12,2292.82,182.8,149.27,180.74
2021-04-21 00:00:00-04:00,245.43,743.91,133.49,2293.66,183.11,150.54,182.75
2021-04-22 00:00:00-04:00,245.2,719.78,131.94,2267.92,182.6971,147.36,181.46
2021-04-23 00:00:00-04:00,246.38,729.4,134.31,2315.3,183.0294,150.21,182.46
2021-04-26 00:00:00-04:00,255.71,738.0,134.73,2329.2,184.39,150.4901,190.23
2021-04-27 00:00:00-04:00,253.91,704.74,134.39,2307.735,184.59,151.22,189.94
2021-04-28 00:00:00-04:00,254.22,694.46,133.7801,2380.27,183.45,152.26,186.1
2021-04-29 00:00:00-04:00,247.76,677.03,133.48,2429.89,185.29,155.2,170.85
2021-04-30 00:00:00-04:00,245.0,709.89,131.53,2408.91,186.1,153.8101,172.42
2021-05-03 00:00:00-04:00,243.52,684.79,132.5563,2396.92,185.54,153.37,163.21
2021-05-04 00:00:00-04:00,231.18,674.18,127.96,2355.44,184.2811,155.5102,158.37
2021-05-05 00:00:00-04:00,231.76,671.28,128.16,2357.02,181.5,157.5201,156.99
